Id,Compiled,Elements Compiled,Name,Entity,ObjectType,Material Descriptor,Layer Number,Layer Thickness [m],Length [m],Largest Surface Area [m^2],Volume [m^3],GWPbiogenic (min),GWPbiogenic (mean),GWPbiogenic (max),GWPfossil (min),GWPfossil (mean),GWPfossil (max),GWPtotal (min),GWPtotal (mean),GWPtotal (max),GWPtotal (A1-A3) (min),GWPtotal (A1-A3) (mean),GWPtotal (A1-A3) (max),GWPtotal (A4) (min),GWPtotal (A4) (mean),GWPtotal (A4) (max),GWPtotal (A5) (min),GWPtotal (A5) (mean),GWPtotal (A5) (max),GWPtotal (C1) (min),GWPtotal (C1) (mean),GWPtotal (C1) (max),GWPtotal (C2) (min),GWPtotal (C2) (mean),GWPtotal (C2) (max),GWPtotal (C3) (min),GWPtotal (C3) (mean),GWPtotal (C3) (max),GWPtotal (C4) (min),GWPtotal (C4) (mean),GWPtotal (C4) (max)
aebc0975e3,True,2,Abdeckblech gerundet-neu:Abdeckblech gerundet-neu,IfcBuildingElementProxy,Abdeckblech gerundet-neu:Abdeckblech gerundet-neu,<Unnamed>,0,,33.18,309.2376,0.07,not matched,not matched,not matched,not matched,not matched,not matched,not matched,not matched,not matched,not matched,not matched,not matched,not matched,not matched,not matched,not matched,not matched,not matched,not matched,not matched,not matched,not matched,not matched,not matched,not matched,not matched,not matched,not matched,not matched,not matched
1fde2b1291,True,8,Basic Wall:3-Schichtplatte 27mm - Schalplatte,IfcWallStandardCase,Basic Wall:3-Schichtplatte 27mm - Schalplatte,3-Schicht-Platte,0,0.027,37.3238,13.2503,0.3576,-288.3788,-143.9121,0.5545,109.5402,85.8234,62.1065,56.8267,60.0817,63.3368,-235.6653,-227.7218,-219.7783,0.0,0.0,0.0,0.3115,0.1557,0.0,0.0,0.0,0.0,0.2405,0.4077,0.5749,291.94,287.2401,282.5402,0.0,0.0,0.0
6d9cf675f7,True,2,Basic Wall:3-Schichtplatte 27mm B/C,IfcWallStandardCase,Basic Wall:3-Schichtplatte 27mm B/C,3-Schicht-Platte,0,0.027,1.7031,3.7039,0.0999,-80.5622,-40.2037,0.1549,30.6014,23.9758,17.3502,15.8752,16.7845,17.6939,-65.836,-63.6169,-61.3978,0.0,0.0,0.0,0.087,0.0435,0.0,0.0,0.0,0.0,0.0672,0.1139,0.1606,81.5571,80.2441,78.9311,0.0,0.0,0.0
16380cc63d,True,2,Basic Wall:3-Schichtplatte 27mm C+/C,IfcWallStandardCase,Basic Wall:3-Schichtplatte 27mm C+/C,3-Schicht-Platte,0,0.027,7.7979,2.8073,0.0757,-61.0466,-30.4646,0.1174,23.1885,18.1679,13.1473,12.0296,12.7187,13.4077,-49.8878,-48.2062,-46.5247,0.0,0.0,0.0,0.0659,0.033,0.0,0.0,0.0,0.0,0.0509,0.0863,0.1217,61.8005,60.8056,59.8107,0.0,0.0,0.0
30abe42a62,True,2,Basic Wall:3-Schichtplatte 40mm,IfcWallStandardCase,Basic Wall:3-Schichtplatte 40mm,3-Schicht-Platte,0,0.04,0.9,2.2834,0.0913,-73.6269,-36.7427,0.1416,27.9671,21.9119,15.8566,14.5086,15.3396,16.1707,-60.1685,-58.1404,-56.1123,0.0,0.0,0.0,0.0795,0.0398,0.0,0.0,0.0,0.0,0.0614,0.1041,0.1468,74.5361,73.3362,72.1362,0.0,0.0,0.0
ce0cc1e825_L1,True,6,Basic Wall:Blechverkleidung gedämmt (L1),IfcWallStandardCase,Basic Wall:Blechverkleidung gedämmt,"Stahl, 45-34, Pulverbeschichtung schwarz",1,0.003,0.6939,1.2595,0.0037,0.0084,0.0209,0.0335,20.9133,50.3414,79.7694,20.9308,50.3841,79.8374,20.8949,50.2999,79.7049,0.0,0.0,0.0,0.0,0.0,0.0,0.0024,0.0056,0.0088,0.0335,0.0786,0.1237,0.0,0.0,0.0,0.0,0.0,0.0
ce0cc1e825_L2,True,6,Basic Wall:Blechverkleidung gedämmt (L2),IfcWallStandardCase,Basic Wall:Blechverkleidung gedämmt,Wärmedämmung Slentex Aerogel,2,0.046,0.6939,1.2595,0.0571,0.5565,0.5565,0.5565,48.1921,48.1921,48.1921,49.063,49.063,49.063,45.6372,45.6372,45.6372,0.0,0.0,0.0,3.1856,3.1856,3.1856,0.0,0.0,0.0,0.1638,0.1638,0.1638,0.0,0.0,0.0,0.0764,0.0764,0.0764
ce0cc1e825_L3,True,6,Basic Wall:Blechverkleidung gedämmt (L3),IfcWallStandardCase,Basic Wall:Blechverkleidung gedämmt,"Stahl, 45-34, Pulverbeschichtung schwarz",3,0.003,0.6939,1.2595,0.0037,0.0665,0.05,0.0335,22.9556,51.3625,79.7694,23.0285,51.433,79.8374,22.1099,50.9074,79.7049,0.0,0.0,0.0,0.0,0.0,0.0,0.0,0.0044,0.0088,0.2601,0.1919,0.1237,0.6585,0.3292,0.0,0.0,0.0,0.0
cb2d94d550,True,3,Basic Wall:Brandschutzplatte 28mm,IfcWallStandardCase,Basic Wall:Brandschutzplatte 28mm,Gipsfaserplatte,0,0.028,4.9986,9.3225,0.2607,-16.6766,-16.6766,-16.6766,131.0869,131.0869,131.0869,60.5035,60.5035,60.5035,37.5446,37.5446,37.5446,1.2856,1.2856,1.2856,0.0141,0.0141,0.0141,0.0,0.0,0.0,0.8792,0.8792,0.8792,20.7801,20.7801,20.7801,0.0,0.0,0.0
65d0e0c8a6,True,10,Basic Wall:BSP 140 - 5s,IfcWall,Basic Wall:BSP 140 - 5s,Brettschichtholz C24,0,0.14,54.34,120.8568,13.9934,97.8801,48.94,0.0,2335.3781,2530.4728,2725.5675,1197.0086,1966.5821,2736.1556,-9610.5294,-8683.8622,-7757.195,0.0,33.4556,66.9111,0.0,9.6933,19.3866,0.0,0.0,0.0,20.5235,144.0952,267.6668,10787.0146,10463.2002,10139.3859,0.0,0.0,0.0
ff0022f92c,True,16,Basic Wall:BSP 140 - 5s (2),IfcWallStandardCase,Basic Wall:BSP 140 - 5s,Brettschichtholz C24,0,0.14,24.1715,49.5285,6.9166,48.3798,24.1899,0.0,1154.3211,1250.7517,1347.1823,591.6525,972.0341,1352.4157,-4750.2528,-4292.2236,-3834.1943,0.0,16.5362,33.0725,0.0,4.7912,9.5823,0.0,0.0,0.0,10.1443,71.2228,132.3013,5331.7611,5171.7074,5011.6538,0.0,0.0,0.0
325c6f48a0,True,9,Basic Wall:BSP 140 Sichtseite einseitig,IfcWall,Basic Wall:BSP 140 Sichtseite einseitig,Brettsperrholz,0,0.14,27.24,61.2555,7.3126,10.5414,10.9398,11.3383,1094.9389,1182.4809,1270.0229,1119.8798,1207.53,1295.1802,-4670.1486,-4582.2094,-4494.2702,0.0,0.0,0.0,0.0,0.0,0.0,0.0,0.0,0.0,11.7558,11.7558,11.7558,5778.2727,5777.9837,5777.6946,0.0,0.0,0.0
a5c867b4fd,True,2,Basic Wall:BSP 140 Sichtseite einseitig (2),IfcWallStandardCase,Basic Wall:BSP 140 Sichtseite einseitig,Brettsperrholz,0,0.14,2.37,7.5063,0.9909,1.4284,1.4824,1.5364,148.3706,160.233,172.0955,151.7503,163.6274,175.5045,-632.8324,-620.9162,-608.9999,0.0,0.0,0.0,0.0,0.0,0.0,0.0,0.0,0.0,1.593,1.593,1.593,782.9897,782.9506,782.9114,0.0,0.0,0.0
369c58d53c,True,2,Basic Wall:Fensterlaibung 24mm,IfcWallStandardCase,Basic Wall:Fensterlaibung 24mm,"Massivholz Fichte, schwarz lasiert",0,0.024,0.44,0.9312,0.0224,-17.8367,-8.9084,0.02,2.7349,2.7307,2.7265,1.5022,2.137,2.7719,-16.604,-16.0101,-15.4163,0.0,0.0,0.0,0.104,0.052,0.0,0.0,0.0,0.0,0.0141,0.0254,0.0367,17.9881,18.0698,18.1515,0.0,0.0,0.0
6125c4d99e,True,2,Basic Wall:Fensterlaibung 40mm,IfcWallStandardCase,Basic Wall:Fensterlaibung 40mm,"Massivholz Fichte, schwarz lasiert",0,0.04,0.392,0.8664,0.0346,-27.5513,-13.7602,0.0309,4.2244,4.2179,4.2114,2.3204,3.3011,4.2817,-25.6473,-24.73,-23.8127,0.0,0.0,0.0,0.1607,0.0804,0.0,0.0,0.0,0.0,0.0218,0.0393,0.0568,27.7852,27.9114,28.0376,0.0,0.0,0.0
031893e96a,True,5,Basic Wall:Gipsfaserplatte Vidiwall 15mm,IfcWallStandardCase,Basic Wall:Gipsfaserplatte Vidiwall 15mm,Gipsfaserplatte,0,0.015,9.0553,16.2994,0.2444,-29.1573,-29.1573,-29.1573,229.1916,229.1916,229.1916,105.784,105.784,105.784,65.6427,65.6427,65.6427,2.2477,2.2477,2.2477,0.0247,0.0247,0.0247,0.0,0.0,0.0,1.5371,1.5371,1.5371,36.3318,36.3318,36.3318,0.0,0.0,0.0
f17ad5cce9_L1,True,18,Basic Wall:Holzbau_Archisonic_Vorbauschale (L1),IfcWallStandardCase,Basic Wall:Holzbau_Archisonic_Vorbauschale,Archisonic Charcoal,1,0.012,10.7162,25.8666,0.31,0.1456,1.0664,1.9871,54.451,85.2185,115.9861,54.964,87.2056,119.4472,-237.1364,-239.6419,-242.1473,0.0,4.1449,8.2899,0.0,14.5235,29.047,0.0,0.0046,0.0091,0.8519,1.3502,1.8485,291.2486,145.6243,0.0,0.0,161.2,322.4
f17ad5cce9_L2,True,18,Basic Wall:Holzbau_Archisonic_Vorbauschale (L2),IfcWallStandardCase,Basic Wall:Holzbau_Archisonic_Vorbauschale,MDF,2,0.012,10.7162,25.8666,0.31,0.1456,1.0664,1.9871,54.451,85.2185,115.9861,54.964,87.2056,119.4472,-237.1364,-239.6419,-242.1473,0.0,4.1449,8.2899,0.0,14.5235,29.047,0.0,0.0046,0.0091,0.8519,1.3502,1.8485,291.2486,145.6243,0.0,0.0,161.2,322.4
78593db8a4_L1,True,3,Basic Wall:Holzfassade hinterlüftet (L1),IfcWall,Basic Wall:Holzfassade hinterlüftet,"Holzschalung Vertikal, Nadelholz,  schwarz gestrichen",1,0.02,30.32,73.646,1.0979,-874.2375,-443.0811,-11.9246,134.0456,142.0048,149.964,73.6286,106.5216,139.4145,-813.8205,-839.5831,-865.3457,0.0,0.0,0.0,5.0991,2.5495,0.0,0.0,0.0,0.0,0.6918,1.372,2.0522,881.6581,942.183,1002.708,0.0,0.0,0.0
78593db8a4_L2,True,3,Basic Wall:Holzfassade hinterlüftet (L2),IfcWall,Basic Wall:Holzfassade hinterlüftet,Luft,2,0.03,30.32,73.646,1.6468,not matched,not matched,not matched,not matched,not matched,not matched,not matched,not matched,not matched,not matched,not matched,not matched,not matched,not matched,not matched,not matched,not matched,not matched,not matched,not matched,not matched,not matched,not matched,not matched,not matched,not matched,not matched,not matched,not matched,not matched
78593db8a4_L3,True,3,Basic Wall:Holzfassade hinterlüftet (L3),IfcWall,Basic Wall:Holzfassade hinterlüftet,Luft,3,0.04,30.32,73.646,2.1957,-1758.2392,-878.1405,1.9582,169.1712,218.2132,267.2551,96.3631,184.0378,271.7124,-1685.4311,-1598.2872,-1511.1432,0.0,0.0,0.0,6.2168,3.1084,0.0,0.0,0.0,0.0,1.3923,2.497,3.6016,1774.1852,1776.7197,1779.2541,0.0,0.0,0.0
ff0919332f,True,5,Basic Wall:Holzfassade_Hinterlüftet_Laibung,IfcWallStandardCase,Basic Wall:Holzfassade_Hinterlüftet_Laibung,"Holzschalung Vertikal, Nadelholz,  schwarz gestrichen",0,0.02,5.1492,16.3305,0.3234,-258.9673,-131.2399,-3.5125,24.9169,34.5453,44.1737,14.1931,27.6297,41.0663,-248.2436,-251.5709,-254.8983,0.0,0.0,0.0,0.9157,0.4578,0.0,0.0,0.0,0.0,0.2051,0.4048,0.6045,261.316,278.338,295.36,0.0,0.0,0.0
5376ff48b3,True,4,Basic Wall:Holzfassade_Hinterlüftet_Laibung (2),IfcWall,Basic Wall:Holzfassade_Hinterlüftet_Laibung,"Holzschalung Vertikal, Nadelholz,  schwarz gestrichen",0,0.02,23.516,0.0476,0.242,-193.7851,-98.2067,-2.6284,18.6453,25.8502,33.0552,10.6207,20.6753,30.7299,-185.7605,-188.2503,-190.7402,0.0,0.0,0.0,0.6852,0.3426,0.0,0.0,0.0,0.0,0.1535,0.3029,0.4523,195.5426,208.2801,221.0177,0.0,0.0,0.0
dfff60526d,True,3,Basic Wall:Holzfassade_Hinterlüftet_OhneUK,IfcWallStandardCase,Basic Wall:Holzfassade_Hinterlüftet_OhneUK,"Holzschalung Vertikal, Nadelholz,  schwarz gestrichen",0,0.021,2.9335,6.1872,0.1295,-103.699,-52.5527,-1.4065,9.9775,13.8331,17.6886,5.6834,11.0638,16.4443,-99.4049,-100.7372,-102.0696,0.0,0.0,0.0,0.3667,0.1834,0.0,0.0,0.0,0.0,0.0821,0.1621,0.2421,104.6395,111.4557,118.2719,0.0,0.0,0.0
7b9763d32a_L1,True,30,Basic Wall:Innenwandelement Archisonic abnehmbar (L1),IfcWallStandardCase,Basic Wall:Innenwandelement Archisonic abnehmbar,Archisonic Charcoal,1,0.012,16.7907,33.5067,0.4016,not matched,not matched,not matched,not matched,not matched,not matched,not matched,not matched,not matched,not matched,not matched,not matched,not matched,not matched,not matched,not matched,not matched,not matched,not matched,not matched,not matched,not matched,not matched,not matched,not matched,not matched,not matched,not matched,not matched,not matched
7b9763d32a_L2,True,30,Basic Wall:Innenwandelement Archisonic abnehmbar (L2),IfcWallStandardCase,Basic Wall:Innenwandelement Archisonic abnehmbar,MDF,2,0.012,16.7907,33.5067,0.4016,0.1886,1.3815,2.5743,70.5404,110.3993,150.2581,71.205,112.9735,154.742,-307.2064,-310.4521,-313.6979,0.0,5.3697,10.7394,0.0,18.8149,37.6299,0.0,0.0059,0.0118,1.1036,1.7491,2.3947,377.3078,188.6539,0.0,0.0,208.832,417.664
3ece908374_L1,True,7,Basic Wall:Innenwandelement Archisonic abnehmbar mit Einschnitten (L1),IfcWallStandardCase,Basic Wall:Innenwandelement Archisonic abnehmbar mit Einschnitten,Archisonic Charcoal,1,0.012,4.6225,8.9557,0.1064,not matched,not matched,not matched,not matched,not matched,not matched,not matched,not matched,not matched,not matched,not matched,not matched,not matched,not matched,not matched,not matched,not matched,not matched,not matched,not matched,not matched,not matched,not matched,not matched,not matched,not matched,not matched,not matched,not matched,not matched
3ece908374_L2,True,7,Basic Wall:Innenwandelement Archisonic abnehmbar mit Einschnitten (L2),IfcWallStandardCase,Basic Wall:Innenwandelement Archisonic abnehmbar mit Einschnitten,MDF,2,0.012,4.6225,8.9557,0.1064,0.05,0.366,0.682,18.689,29.2492,39.8094,18.8651,29.9312,40.9974,-81.3913,-82.2512,-83.1112,0.0,1.4226,2.8453,0.0,4.9848,9.9697,0.0,0.0015,0.0031,0.2924,0.4634,0.6345,99.964,49.982,0.0,0.0,55.328,110.656
75d64ea952_L1,True,7,Basic Wall:Innenwandelement Archisonic fix (L1),IfcWallStandardCase,Basic Wall:Innenwandelement Archisonic fix,Archisonic Charcoal,1,0.012,3.7362,7.6364,0.0788,not matched,not matched,not matched,not matched,not matched,not matched,not matched,not matched,not matched,not matched,not matched,not matched,not matched,not matched,not matched,not matched,not matched,not matched,not matched,not matched,not matched,not matched,not matched,not matched,not matched,not matched,not matched,not matched,not matched,not matched
75d64ea952_L2,True,7,Basic Wall:Innenwandelement Archisonic fix (L2),IfcWallStandardCase,Basic Wall:Innenwandelement Archisonic fix,MDF,2,0.012,3.7362,7.6364,0.0788,0.037,0.2711,0.5051,13.8411,21.662,29.4829,13.9715,22.1671,30.3627,-60.2786,-60.9154,-61.5523,0.0,1.0536,2.1072,0.0,3.6918,7.3836,0.0,0.0011,0.0023,0.2165,0.3432,0.4699,74.0335,37.0168,0.0,0.0,40.976,81.952
6621a241af_L1,True,10,Basic Wall:Innenwandelement Archisonic fix ohne Einschnitte (L1),IfcWallStandardCase,Basic Wall:Innenwandelement Archisonic fix ohne Einschnitte,Archisonic Charcoal,1,0.012,5.5027,10.4326,0.125,not matched,not matched,not matched,not matched,not matched,not matched,not matched,not matched,not matched,not matched,not matched,not matched,not matched,not matched,not matched,not matched,not matched,not matched,not matched,not matched,not matched,not matched,not matched,not matched,not matched,not matched,not matched,not matched,not matched,not matched
6621a241af_L2,True,10,Basic Wall:Innenwandelement Archisonic fix ohne Einschnitte (L2),IfcWallStandardCase,Basic Wall:Innenwandelement Archisonic fix ohne Einschnitte,MDF,2,0.012,5.5027,10.4326,0.125,0.0587,0.43,0.8013,21.9561,34.3623,46.7686,22.1629,35.1636,48.1642,-95.6195,-96.6298,-97.64,0.0,1.6713,3.3427,0.0,5.8563,11.7125,0.0,0.0019,0.0037,0.3435,0.5444,0.7454,117.4389,58.7195,0.0,0.0,65.0,130.0
f3de7c9098,True,18,Basic Wall:Innenwandelement Archisonic ohne MDF,IfcWallStandardCase,Basic Wall:Innenwandelement Archisonic ohne MDF,Archisonic Charcoal,0,0.012,17.6819,11.7994,0.1417,not matched,not matched,not matched,not matched,not matched,not matched,not matched,not matched,not matched,not matched,not matched,not matched,not matched,not matched,not matched,not matched,not matched,not matched,not matched,not matched,not matched,not matched,not matched,not matched,not matched,not matched,not matched,not matched,not matched,not matched
d372e74286,True,11,Basic Wall:KVH Balken 120mm,IfcWallStandardCase,Basic Wall:KVH Balken 120mm,Brettschichtholz C24,0,0.12,43.933,9.3071,1.1024,7.711,3.8555,0.0,183.9811,199.3507,214.7202,94.3003,154.9273,215.5543,-757.1175,-684.1146,-611.1118,0.0,2.6357,5.2713,0.0,0.7637,1.5273,0.0,0.0,0.0,1.6168,11.3518,21.0868,849.801,824.2909,798.7808,0.0,0.0,0.0
6f5992e3c2,True,4,Basic Wall:Massivholz 24mm,IfcWallStandardCase,Basic Wall:Massivholz 24mm,Massivholz Fichte,0,0.024,0.3678,0.9548,0.0231,-18.3941,-9.1867,0.0206,2.8203,2.816,2.8117,1.5492,2.2039,2.8586,-17.1229,-16.5105,-15.8981,0.0,0.0,0.0,0.1073,0.0537,0.0,0.0,0.0,0.0,0.0146,0.0263,0.0379,18.5502,18.6345,18.7188,0.0,0.0,0.0
795c75da48,True,5,Basic Wall:Purenit Fusspunkt,IfcWall,Basic Wall:Purenit Fusspunkt,Purenit,0,0.025,27.69,7.5912,0.1765,0.1214,0.1214,0.1214,46.581,46.581,46.581,46.7138,46.7138,46.7138,31.0725,31.0725,31.0725,0.0,0.0,0.0,0.0,0.0,0.0,0.0,0.0,0.0,0.0454,0.0454,0.0454,15.5858,15.5858,15.5858,0.0102,0.0102,0.0102
6bc3c88965,True,4,Basic Wall:Purenit Fusspunkt (2),IfcWallStandardCase,Basic Wall:Purenit Fusspunkt,Purenit,0,0.025,2.6511,0.9442,0.0235,0.0162,0.0162,0.0162,6.202,6.202,6.202,6.2197,6.2197,6.2197,4.1371,4.1371,4.1371,0.0,0.0,0.0,0.0,0.0,0.0,0.0,0.0,0.0,0.006,0.006,0.006,2.0752,2.0752,2.0752,0.0014,0.0014,0.0014
c7d2a47639,True,5,Basic Wall:PV Fassade Terasse,IfcWallStandardCase,Basic Wall:PV Fassade Terasse,Körpermodell,0,0.008,6.1,18.3854,0.1471,-94.1086,-36.7547,20.5992,2716.4428,3668.7146,4620.9864,2626.5382,3637.1836,4647.8291,2003.457,3170.5622,4337.6674,40.6317,86.6872,132.7426,18.5693,35.3919,52.2145,10.112,10.112,10.112,6.6187,6.0671,5.5156,537.4052,316.6885,95.9718,9.7443,11.6747,13.6052
23b6fd65cb_L1,True,4,Basic Wall:Wärmedämmung_200 (L1),IfcWallStandardCase,Basic Wall:Wärmedämmung_200,"Wärmedämmung Mineralwolle, 0.035 W/mK",1,0.1,12.5475,19.415,1.925,0.9664,3.0209,5.0753,132.4395,202.1349,271.8303,133.4943,205.332,277.1696,128.9268,180.7346,232.5423,0.0,2.1015,4.203,0.0,17.8117,35.6233,0.0,0.0,0.0,0.3797,0.4817,0.5837,2.6886,1.3443,0.0,1.4992,2.8583,4.2174
23b6fd65cb_L2,True,4,Basic Wall:Wärmedämmung_200 (L2),IfcWallStandardCase,Basic Wall:Wärmedämmung_200,"Wärmedämmung Mineralwolle, 0.035 W/mK",2,0.1,12.5475,19.415,1.925,0.9664,3.0209,5.0753,132.4395,202.1349,271.8303,133.4943,205.332,277.1696,128.9268,180.7346,232.5423,0.0,2.1015,4.203,0.0,17.8117,35.6233,0.0,0.0,0.0,0.3797,0.4817,0.5837,2.6886,1.3443,0.0,1.4992,2.8583,4.2174
0087876720_L1,True,6,Basic Wall:Wärmedämmung_200 (2) (L1),IfcWall,Basic Wall:Wärmedämmung_200,"Wärmedämmung Mineralwolle, 0.035 W/mK",1,0.1,29.77,85.4521,6.6759,3.3514,10.4762,17.601,459.3004,701.0039,942.7074,462.9583,712.0913,961.2243,447.1183,626.7875,806.4567,0.0,7.288,14.5759,0.0,61.7707,123.5415,0.0,0.0,0.0,1.3168,1.6706,2.0244,9.324,4.662,0.0,5.1992,9.9125,14.6259
0087876720_L2,True,6,Basic Wall:Wärmedämmung_200 (2) (L2),IfcWall,Basic Wall:Wärmedämmung_200,"Wärmedämmung Mineralwolle, 0.035 W/mK",2,0.1,29.77,85.4521,6.6759,3.3514,10.4762,17.601,459.3004,701.0039,942.7074,462.9583,712.0913,961.2243,447.1183,626.7875,806.4567,0.0,7.288,14.5759,0.0,61.7707,123.5415,0.0,0.0,0.0,1.3168,1.6706,2.0244,9.324,4.662,0.0,5.1992,9.9125,14.6259
f9691ec733,True,3,Basic Wall:Wärmedämmung_Mineralwolle_130,IfcWall,Basic Wall:Wärmedämmung_Mineralwolle_130,"Wärmedämmung Mineralwolle, 0.035 W/mK",0,0.13,10.8,4.996,0.6223,0.3124,0.9766,1.6407,42.8141,65.3447,87.8753,43.1551,66.3782,89.6014,41.6785,58.4265,75.1746,0.0,0.6794,1.3587,0.0,5.758,11.516,0.0,0.0,0.0,0.1227,0.1557,0.1887,0.8691,0.4345,0.0,0.4846,0.924,1.3634
f072382038,True,2,Basic Wall:Wärmedämmung_Mineralwolle_130 (2),IfcWallStandardCase,Basic Wall:Wärmedämmung_Mineralwolle_130,"Wärmedämmung Mineralwolle, 0.035 W/mK",0,0.13,8.325,2.6788,0.3483,0.1748,0.5465,0.9183,23.963,36.5733,49.1836,24.1538,37.1517,50.1497,23.3274,32.7013,42.0751,0.0,0.3802,0.7605,0.0,3.2228,6.4455,0.0,0.0,0.0,0.0687,0.0872,0.1056,0.4865,0.2432,0.0,0.2713,0.5172,0.7631
524838fce2,True,2,Basic Wall:Wärmedämmung_Mineralwolle_20,IfcWallStandardCase,Basic Wall:Wärmedämmung_Mineralwolle_20,"Wärmedämmung Mineralwolle, 0.035 W/mK",0,0.02,1.9515,5.4133,0.1081,0.0543,0.1696,0.285,7.4373,11.3511,15.2649,7.4965,11.5306,15.5647,7.24,10.1493,13.0586,0.0,0.118,0.236,0.0,1.0003,2.0005,0.0,0.0,0.0,0.0213,0.0271,0.0328,0.151,0.0755,0.0,0.0842,0.1605,0.2368
c923413f81,True,2,Basic Wall:Wärmedämmung_Mineralwolle_90,IfcWallStandardCase,Basic Wall:Wärmedämmung_Mineralwolle_90,"Wärmedämmung Mineralwolle, 0.035 W/mK",0,0.09,20.986,10.228,0.92,0.4618,1.4437,2.4256,63.2958,96.6047,129.9137,63.7999,98.1327,132.4655,61.617,86.377,111.1371,0.0,1.0044,2.0087,0.0,8.5125,17.0251,0.0,0.0,0.0,0.1815,0.2303,0.279,1.2849,0.6424,0.0,0.7165,1.366,2.0156
c28b42ec07,True,73,BSH Stütze - rechteckig:KVH 60 x 60,IfcColumn,BSH Stütze - rechteckig:KVH 60 x 60,Holz Brettschicht - C24 Cl.1,0,,153.27,9.1962,0.5536,3.8723,1.9362,0.0,92.3911,100.1094,107.8276,47.3555,77.801,108.2464,-380.207,-343.5466,-306.8863,0.0,1.3236,2.6471,0.0,0.3835,0.767,0.0,0.0,0.0,0.8119,5.7006,10.5893,426.7506,413.94,401.1294,0.0,0.0,0.0
19942f0dfa,True,3,BSH Träger - rechteckig:Holz 140 x 240,IfcBeam,BSH Träger - rechteckig:Holz 140 x 240,Brettschichtholz C24,0,,15.357,3.6192,0.5053,3.5344,1.7672,0.0,84.3302,91.3751,98.4199,43.2238,71.013,98.8022,-347.0351,-313.5733,-280.1114,0.0,1.2081,2.4162,0.0,0.35,0.7,0.0,0.0,0.0,0.7411,5.2032,9.6654,389.5178,377.8249,366.132,0.0,0.0,0.0
32bb5170ae,True,2,Einlauf Contec Tube:DN75,IfcBuildingElementProxy,Einlauf Contec Tube:DN75,3D-Schnittmaterial,0,,0.54,0.1296,0.0006,not matched,not matched,not matched,not matched,not matched,not matched,not matched,not matched,not matched,not matched,not matched,not matched,not matched,not matched,not matched,not matched,not matched,not matched,not matched,not matched,not matched,not matched,not matched,not matched,not matched,not matched,not matched,not matched,not matched,not matched
448caec44f,True,7,"Fenster Forster Unico:Kippfenster mit Kettenantrieb, Sage Glas",IfcWindow,"Fenster Forster Unico:Kippfenster mit Kettenantrieb, Sage Glas",Unknown,0,,8.89,6.1341,0.363,1.2312,-7.589,-16.4092,61.348,321.8481,582.3481,62.2811,314.2554,566.2297,60.2691,310.8342,561.3993,0.0,0.0,0.0,0.0,0.0,0.0,0.0,0.0,0.0,0.3159,1.0102,1.7045,1.3269,2.1012,2.8755,0.3691,0.3097,0.2503
81201c5ae7,True,4,"Fenster Forster Unico:Kippfenster mit Kettenantrieb, Sage Glas (2)",IfcWindow,"Fenster Forster Unico:Kippfenster mit Kettenantrieb, Sage Glas",<Unnamed>,0,,0.0,0.0,0.0,0.0,0.0,0.0,0.0,0.0,0.0,0.0,0.0,0.0,0.0,0.0,0.0,0.0,0.0,0.0,0.0,0.0,0.0,0.0,0.0,0.0,0.0,0.0,0.0,0.0,0.0,0.0,0.0,0.0,0.0
734607c530,True,5,Floor:3-Schichplatte 19mm,IfcSlab,Floor:3-Schichplatte 19mm,3-Schicht-Platte,0,0.019,13.18,8.3574,0.1512,-121.932,-60.8488,0.2344,46.3156,36.2877,26.2598,24.0274,25.4037,26.78,-99.6437,-96.285,-92.9264,0.0,0.0,0.0,0.1317,0.0659,0.0,0.0,0.0,0.0,0.1017,0.1724,0.2431,123.4377,121.4505,119.4633,0.0,0.0,0.0
d648f1c1c4,True,2,Floor:3-Schichtplatte 27mm B/C Rinnen,IfcSlab,Floor:3-Schichtplatte 27mm B/C Rinnen,3-Schicht-Platte,0,0.027,5.21,1.9345,0.0521,-42.0149,-20.967,0.0808,15.9593,12.5039,9.0485,8.2793,8.7536,9.2278,-34.3349,-33.1776,-32.0203,0.0,0.0,0.0,0.0454,0.0227,0.0,0.0,0.0,0.0,0.035,0.0594,0.0838,42.5338,41.849,41.1643,0.0,0.0,0.0
38ad939f44,True,2,Floor:3-Schichtplatte 27mm B/C Rinnen (2),IfcSlab,Floor:3-Schichtplatte 27mm B/C Rinnen,3-Schicht-Platte,0,,10.56,5.742,0.1493,-120.3998,-60.0842,0.2315,45.7336,35.8317,25.9298,23.7255,25.0845,26.4435,-98.3916,-95.0752,-91.7587,0.0,0.0,0.0,0.1301,0.065,0.0,0.0,0.0,0.0,0.1004,0.1702,0.24,121.8866,119.9244,117.9621,0.0,0.0,0.0
bea71849e1,True,3,Floor:Betonauflager,IfcSlab,Floor:Betonauflager,Beton,0,0.29,4.56,4.0436,1.1225,0.6852,2.1368,3.5885,203.9358,331.4507,458.9656,204.7664,333.4487,462.131,182.4062,299.2585,416.1108,0.0,0.0,0.0,0.0,0.0,0.0,3.7267,15.165,26.6032,11.5618,13.5823,15.6028,7.0717,5.3823,3.693,0.0,0.0606,0.1212
09f7047f0a_L1,True,2,Floor:Dachaufbau Brüstung Dämmung (L1),IfcSlab,Floor:Dachaufbau Brüstung Dämmung,"Wärmedämmung Mineralwolle, 0.035 W/mK",1,0.1,23.15,18.5772,1.7711,2.1091,1.8633,1.6175,235.3645,294.6135,353.8625,237.6263,296.6766,355.727,229.9115,286.2389,342.5664,0.0,0.0,0.0,0.0,0.0,0.0,0.0,0.0,0.0,0.6413,0.8677,1.094,4.5412,6.144,7.7468,2.5323,3.426,4.3197
09f7047f0a_L2,True,2,Floor:Dachaufbau Brüstung Dämmung (L2),IfcSlab,Floor:Dachaufbau Brüstung Dämmung,"Wärmedämmung Mineralwolle, 0.035 W/mK",2,0.1,23.15,18.5772,1.7711,2.1091,3.3893,4.6695,235.3645,242.7312,250.098,237.6263,246.3184,255.0105,229.9115,221.9312,213.951,0.0,1.9334,3.8669,0.0,16.3876,32.7752,0.0,0.0,0.0,0.6413,0.5892,0.5371,4.5412,2.2706,0.0,2.5323,3.2062,3.8802
c3b0cb3f28,True,3,Floor:Dachaufbau Brüstung Galerie,IfcSlab,Floor:Dachaufbau Brüstung Galerie,Unknown,0,,23.45,16.0204,1.2768,9.1621,-5.6091,-20.3803,763.5124,894.6609,1025.8095,438.7952,491.8311,544.867,334.8264,398.163,461.4996,26.5939,13.297,0.0,0.0,0.0,0.0,55.9112,55.9574,56.0036,16.501,19.1116,21.7222,4.8061,4.7284,4.6507,0.1567,0.5738,0.9909
d20d68a4b7_L1,True,3,Floor:Dämmung Galerie (L1),IfcSlab,Floor:Dämmung Galerie,"Wärmedämmung Mineralwolle, 0.035 W/mK",1,0.1,10.5,7.2514,0.6289,0.7489,0.7489,0.7489,83.5756,83.5756,83.5756,84.3788,84.3788,84.3788,81.6393,81.6393,81.6393,0.0,0.0,0.0,0.0,0.0,0.0,0.0,0.0,0.0,0.2277,0.2277,0.2277,1.6126,1.6126,1.6126,0.8992,0.8992,0.8992
d20d68a4b7_L2,True,3,Floor:Dämmung Galerie (L2),IfcSlab,Floor:Dämmung Galerie,"Wärmedämmung Mineralwolle, 0.035 W/mK",2,0.1,10.5,7.2514,0.6289,0.7489,0.7489,0.7489,83.5756,83.5756,83.5756,84.3788,84.3788,84.3788,81.6393,81.6393,81.6393,0.0,0.0,0.0,0.0,0.0,0.0,0.0,0.0,0.0,0.2277,0.2277,0.2277,1.6126,1.6126,1.6126,0.8992,0.8992,0.8992
7f5669cfcb,True,3,Floor:Fensterbank 40mm,IfcSlab,Floor:Fensterbank 40mm,"Holzschalung Horizontal, Nadelholz,  schwarz gestrichen",0,0.04,11.0,2.775,0.0986,-78.9554,-39.4337,0.0879,7.5968,9.7991,12.0013,4.3273,8.2644,12.2015,-75.6859,-71.7726,-67.8593,0.0,0.0,0.0,0.2792,0.1396,0.0,0.0,0.0,0.0,0.0625,0.1121,0.1617,79.6715,79.7853,79.8991,0.0,0.0,0.0
50141ec7a2_L1,True,2,Floor:Funicular Floor (L1),IfcSlab,Floor:Funicular Floor,Spachtelmasse Boden,1,0.01,10.43,51.2144,0.4214,not matched,not matched,not matched,not matched,not matched,not matched,not matched,not matched,not matched,not matched,not matched,not matched,not matched,not matched,not matched,not matched,not matched,not matched,not matched,not matched,not matched,not matched,not matched,not matched,not matched,not matched,not matched,not matched,not matched,not matched
50141ec7a2_L2,True,2,Floor:Funicular Floor (L2),IfcSlab,Floor:Funicular Floor,"Beton, Ortbeton",2,0.35000000000000003,10.43,51.2144,14.7491,9.0029,28.0767,47.1505,2679.6165,4355.0995,6030.5825,2690.5308,4381.3529,6072.175,2396.7288,3932.1101,5467.4914,0.0,0.0,0.0,0.0,0.0,0.0,48.967,199.2603,349.5537,151.9157,178.4641,205.0125,92.9193,70.7219,48.5245,0.0,0.7964,1.5929
d43d337978,True,2,Floor:OSB 22mm,IfcSlab,Floor:OSB 22mm,OSB,0,0.022,11.01,57.1101,1.0376,8.1231,4.0616,-0.0,277.3518,346.284,415.2162,286.5784,351.9703,417.3623,-1265.5517,-974.175,-682.7983,32.8043,40.1713,47.5382,119.324,68.2884,17.2528,0.0262,0.0131,0.0,5.4412,6.0402,6.6391,934.8776,981.804,1028.7305,459.6568,229.8284,0.0
763e457390,True,2,Floor:OSB 25mm,IfcSlab,Floor:OSB 25mm,OSB,0,0.025,10.77,55.7034,1.1662,9.1299,4.5649,-0.0,311.7268,389.2024,466.678,322.0969,395.5935,469.0901,-1422.404,-1094.9141,-767.4242,36.8701,45.1501,53.4301,134.113,76.752,19.3911,0.0295,0.0147,0.0,6.1156,6.7888,7.462,1050.7462,1103.4887,1156.2312,516.6266,258.3133,0.0
01982f91ae,True,2,Floor:Perimeterdämmung,IfcSlab,Floor:Perimeterdämmung,Wärmedämmung XPS,0,0.08,6.93,6.93,0.555,0.7224,0.4843,0.2462,192.2354,173.2264,154.2175,93.8764,124.2114,154.5464,30.1041,51.0705,72.0368,0.2808,1.0451,1.8093,1.1576,1.1616,1.1655,0.0,0.0,0.0,0.2744,0.2304,0.1865,60.7863,69.2431,77.7,1.2732,1.4608,1.6484
0a91634d5e,True,10,Holz Träger - rechteckig:Alu Eurotec 40 x 60,IfcBeam,Holz Träger - rechteckig:Alu Eurotec 40 x 60,Aluminum - Flat - Version 1.1,0,,45.703,2.7258,0.1088,0.0127,-2.306,-4.6248,1.9375,1604.12,3206.3026,1.9991,1602.166,3202.3328,1.9076,1601.4944,3201.0813,0.0,0.0,0.0,0.0,0.0,0.0,0.0,0.0,0.0,0.0035,0.6275,1.2514,0.0863,0.0432,0.0,0.0017,0.0008,0.0
4d32a54e8e,True,2,Holz Träger - rechteckig:Holz 60 x 200,IfcBeam,Holz Träger - rechteckig:Holz 60 x 200,Holz - C 24 Cl.1,0,,4.358,0.9592,0.0575,0.3213,0.2138,0.1064,4.1358,8.7441,13.3525,4.4759,9.0058,13.5357,-40.6719,-38.4304,-36.1888,0.0,0.0,0.0,0.0,0.0,0.0,0.0,0.0,0.0,0.0845,0.094,0.1036,45.0633,47.3421,49.6209,0.0,0.0,0.0
33340139eb,True,15,Pfosten rechteckig:Forster 60 x 130 - Nur Pfosten,IfcMember,Pfosten rechteckig:Forster 60 x 130 - Nur Pfosten,"Stahl, 45-34, Pulverbeschichtung schwarz",0,,5.5848,0.728,0.0435,0.4402,4.6702,8.9001,379.5618,667.3751,955.1885,379.1998,663.8477,948.4956,358.5487,620.9723,883.3958,2.865,22.7747,42.6844,0.2247,0.1124,0.0,0.2247,0.7287,1.2327,2.8923,2.5526,2.2128,14.4444,16.6981,18.9519,0.0,0.009,0.018
741d9c7f22,True,115,Pfosten rechteckig:Forster 60 x 130,IfcMember,Pfosten rechteckig:Forster 60 x 130,"Stahl, 45-34, Pulverbeschichtung schwarz",0,,70.538,15.3604,0.7284,7.3706,78.2009,149.0312,6355.6962,11175.0811,15994.4659,6349.6351,11116.015,15882.3949,6003.837,10398.0739,14792.3108,47.9735,381.358,714.7425,3.7624,1.8812,0.0,3.7624,12.2021,20.6418,48.431,42.7416,37.0523,241.8689,279.6073,317.3457,0.0,0.151,0.3019
883fcab506,True,14,Pfosten rechteckig:Forster 60 x 90 - Nur Pfosten,IfcMember,Pfosten rechteckig:Forster 60 x 90 - Nur Pfosten,"Stahl, 45-34, Pulverbeschichtung schwarz",0,,7.1134,0.6399,0.039,0.3946,4.187,7.9794,340.2967,598.3363,856.3759,339.9722,595.1738,850.3753,321.4575,556.7337,792.01,2.5686,20.4186,38.2687,0.2014,0.1007,0.0,0.2014,0.6533,1.1052,2.5931,2.2885,1.9839,12.9501,14.9707,16.9913,0.0,0.0081,0.0162
cc9b440faa,True,62,Pfosten rechteckig:Forster 60 x 90,IfcMember,Pfosten rechteckig:Forster 60 x 90,"Stahl, 45-34, Pulverbeschichtung schwarz",0,,66.5142,11.169,0.5121,5.1819,54.979,104.7761,4468.358,7856.6159,11244.8737,4464.0969,7815.0896,11166.0824,4220.9843,7310.3427,10399.7012,33.7277,268.1129,502.4981,2.6452,1.3226,0.0,2.6452,8.5786,14.5121,34.0493,30.0494,26.0495,170.0454,196.5773,223.1092,0.0,0.1061,0.2123
75762e6adc,True,85,Pfosten rechteckig:ForsterUnico,IfcMember,Pfosten rechteckig:ForsterUnico,"Stahl, 45-34, Pulverbeschichtung schwarz",0,,52.9938,4.2576,0.1922,1.9448,20.6346,39.3243,1677.0522,2948.7241,4220.3959,1675.4529,2933.1385,4190.8241,1584.2085,2743.6982,3903.188,12.6586,100.6274,188.5962,0.9928,0.4964,0.0,0.9928,3.2197,5.4467,12.7793,11.2781,9.7768,63.821,73.7789,83.7367,0.0,0.0398,0.0797
c658e6abba,True,2,Rohranschluss_Technikschnttelle_Nest:HEI - Rücklauf,IfcBuildingElementProxy,Rohranschluss_Technikschnttelle_Nest:HEI - Rücklauf,3D-Schnittmaterial,0,,0.38,0.0152,0.0006,not matched,not matched,not matched,not matched,not matched,not matched,not matched,not matched,not matched,not matched,not matched,not matched,not matched,not matched,not matched,not matched,not matched,not matched,not matched,not matched,not matched,not matched,not matched,not matched,not matched,not matched,not matched,not matched,not matched,not matched
029ca384e1,True,2,Rohranschluss_Technikschnttelle_Nest:HEI - Vorlauf,IfcBuildingElementProxy,Rohranschluss_Technikschnttelle_Nest:HEI - Vorlauf,3D-Schnittmaterial,0,,0.32,0.0128,0.0005,not matched,not matched,not matched,not matched,not matched,not matched,not matched,not matched,not matched,not matched,not matched,not matched,not matched,not matched,not matched,not matched,not matched,not matched,not matched,not matched,not matched,not matched,not matched,not matched,not matched,not matched,not matched,not matched,not matched,not matched
e610cae9a2,True,7,Systemelement:Contraflam EI30,IfcPlate,Systemelement:Contraflam EI30,Glas EI30,0,,9.89,10.1643,0.4554,not matched,not matched,not matched,not matched,not matched,not matched,not matched,not matched,not matched,not matched,not matched,not matched,not matched,not matched,not matched,not matched,not matched,not matched,not matched,not matched,not matched,not matched,not matched,not matched,not matched,not matched,not matched,not matched,not matched,not matched
e3b11c95ba,True,29,Systemelement:Dämmelement,IfcPlate,Systemelement:Dämmelement,Wärmedämmung druckfest,0,,36.11,16.6486,0.3329,not matched,not matched,not matched,not matched,not matched,not matched,not matched,not matched,not matched,not matched,not matched,not matched,not matched,not matched,not matched,not matched,not matched,not matched,not matched,not matched,not matched,not matched,not matched,not matched,not matched,not matched,not matched,not matched,not matched,not matched
5e3171c413,True,12,Systemelement:SageGlass VSG,IfcPlate,Systemelement:SageGlass VSG,Glas SageGlassClimatop,0,,22.4,29.991,1.5586,not matched,not matched,not matched,not matched,not matched,not matched,not matched,not matched,not matched,not matched,not matched,not matched,not matched,not matched,not matched,not matched,not matched,not matched,not matched,not matched,not matched,not matched,not matched,not matched,not matched,not matched,not matched,not matched,not matched,not matched
2fc8bbc0c1,True,26,Systemelement:SageGlass VSG Sonderform,IfcPlate,Systemelement:SageGlass VSG Sonderform,Glas SageGlassClimatop,0,,40.03,43.7504,1.7642,not matched,not matched,not matched,not matched,not matched,not matched,not matched,not matched,not matched,not matched,not matched,not matched,not matched,not matched,not matched,not matched,not matched,not matched,not matched,not matched,not matched,not matched,not matched,not matched,not matched,not matched,not matched,not matched,not matched,not matched
f235024de1,True,2,TU DF 1 - Pfostenstock Falztüre:DL - 900 x 2130,IfcDoor,TU DF 1 - Pfostenstock Falztüre:DL - 900 x 2130,Unknown,0,,4.7,4.982,0.2155,not matched,not matched,not matched,not matched,not matched,not matched,not matched,not matched,not matched,not matched,not matched,not matched,not matched,not matched,not matched,not matched,not matched,not matched,not matched,not matched,not matched,not matched,not matched,not matched,not matched,not matched,not matched,not matched,not matched,not matched
07OV_Qt_vCaPpDtuenC0bv,False,1,1072_200731_Funicular Floors Vorspannung 3D_kg.3dm:1072_200731_Funicular Floors Vorspannung 3D_kg.3dm:6206686,IfcBuildingElementProxy,1072_200731_Funicular Floors Vorspannung 3D_kg.3dm:1072_200731_Funicular Floors Vorspannung 3D_kg.3dm,Unknown,0,,15.83,83.7407,0.0122,0.0069,0.0229,0.039,3.5911,4.2897,4.9883,3.6056,4.3141,5.0227,3.355,3.9387,4.5225,0.1586,0.0793,0.0,0.0107,0.0053,0.0,0.0405,0.1648,0.2891,0.1257,0.1477,0.1696,0.0616,0.0508,0.0401,0.0,0.0006,0.0013
3F0C$S43P1ZRg2TjWrCk52,False,1,1072_210525_TreppeInnenRevitExport_MK:1072_210525_TreppeInnenRevitExport_MK:7935324,IfcBuildingElementProxy,1072_210525_TreppeInnenRevitExport_MK:1072_210525_TreppeInnenRevitExport_MK,Unknown,0,,0.0,0.0,0.0,not matched,not matched,not matched,not matched,not matched,not matched,not matched,not matched,not matched,not matched,not matched,not matched,not matched,not matched,not matched,not matched,not matched,not matched,not matched,not matched,not matched,not matched,not matched,not matched,not matched,not matched,not matched,not matched,not matched,not matched
2P1Lw8yun3pBsrFxTc_j0l,False,1,1072_210621_HiLo_Aussengeländer West_mk:1072_210621_HiLo_Aussengeländer West_mk:7935201,IfcBuildingElementProxy,1072_210621_HiLo_Aussengeländer West_mk:1072_210621_HiLo_Aussengeländer West_mk,Unknown,0,,3.15,3.024,0.0091,not matched,not matched,not matched,not matched,not matched,not matched,not matched,not matched,not matched,not matched,not matched,not matched,not matched,not matched,not matched,not matched,not matched,not matched,not matched,not matched,not matched,not matched,not matched,not matched,not matched,not matched,not matched,not matched,not matched,not matched
2P1Lw8yun3pBsrFxTc_j79,False,1,1072_211122_HiLo_TerrasseExportPletscher_MK_001:1072_211122_HiLo_TerrasseExportPletscher_MK_001:7935239,IfcBuildingElementProxy,1072_211122_HiLo_TerrasseExportPletscher_MK_001:1072_211122_HiLo_TerrasseExportPletscher_MK_001,Unknown,0,,13.23,166.4334,7.54,not matched,not matched,not matched,not matched,not matched,not matched,not matched,not matched,not matched,not matched,not matched,not matched,not matched,not matched,not matched,not matched,not matched,not matched,not matched,not matched,not matched,not matched,not matched,not matched,not matched,not matched,not matched,not matched,not matched,not matched
0JcKt5yGn6Lx0h6cIR0YC$,False,1,181012_1072_HiLoextendedshapePanelsWiresOnly_rok_MK.3dm:181012_1072_HiLoextendedshapePanelsWiresOnly_rok_MK.3dm:3205382,IfcRoof,181012_1072_HiLoextendedshapePanelsWiresOnly_rok_MK.3dm:181012_1072_HiLoextendedshapePanelsWiresOnly_rok_MK.3dm,<Unnamed>,0,,0.01,0.0001,0.0,not matched,not matched,not matched,not matched,not matched,not matched,not matched,not matched,not matched,not matched,not matched,not matched,not matched,not matched,not matched,not matched,not matched,not matched,not matched,not matched,not matched,not matched,not matched,not matched,not matched,not matched,not matched,not matched,not matched,not matched
2yJbbEqSPDc8j9KFU1qo7s,False,1,2021-Hilo_ASF_Construction v9_003:2021-Hilo_ASF_Construction v9_003:6549949,IfcBuildingElementProxy,2021-Hilo_ASF_Construction v9_003:2021-Hilo_ASF_Construction v9_003,<Unnamed>,0,,0.0,9.256,0.0561,not matched,not matched,not matched,not matched,not matched,not matched,not matched,not matched,not matched,not matched,not matched,not matched,not matched,not matched,not matched,not matched,not matched,not matched,not matched,not matched,not matched,not matched,not matched,not matched,not matched,not matched,not matched,not matched,not matched,not matched
3CfkjHPHr7huZjPEhmDFd6,False,1,Abzug Sprinkler:Abzug Sprinkler:5700206,IfcBuildingElementProxy,Abzug Sprinkler:Abzug Sprinkler,Körpermodell,0,,0.19,0.0095,0.0004,not matched,not matched,not matched,not matched,not matched,not matched,not matched,not matched,not matched,not matched,not matched,not matched,not matched,not matched,not matched,not matched,not matched,not matched,not matched,not matched,not matched,not matched,not matched,not matched,not matched,not matched,not matched,not matched,not matched,not matched
34GTDrn6T9bPcoCQwImKAw,False,1,Anschlussgeometrie_FunicularFloorLueftung:Anschlussgeometrie_FunicularFloorLueftung:6210148,IfcBuildingElementProxy,Anschlussgeometrie_FunicularFloorLueftung:Anschlussgeometrie_FunicularFloorLueftung,Unknown,0,,2.12,0.1696,0.0016,not matched,not matched,not matched,not matched,not matched,not matched,not matched,not matched,not matched,not matched,not matched,not matched,not matched,not matched,not matched,not matched,not matched,not matched,not matched,not matched,not matched,not matched,not matched,not matched,not matched,not matched,not matched,not matched,not matched,not matched
0AUqYOipD7ohrIsOnF3NOk,False,1,Assembled Stair:Stair:1458173 Landing 1,IfcSlab,Non-Monolithic Landing:Podest - nicht massiv,Stahl,0,,0.96,0.2208,0.0022,0.0539,0.252,0.4501,18.5244,33.4164,48.3084,18.6771,33.3235,47.9699,17.9608,31.3192,44.6775,0.1449,1.1518,2.1587,0.0114,0.0057,0.0,0.0114,0.0369,0.0623,0.1463,0.1291,0.1119,0.4024,0.6804,0.9585,0.0,0.0004,0.0009
0AUqYOipD7ohrIsOnF3NTs,False,1,Assembled Stair:Stair:1458173 Run 1,IfcStairFlight,Non-Monolithic Run:Stahlstufen gefaltet,Stahl,0,,3.915,4.6944,0.0656,0.0312,0.3124,0.5936,77.9479,746.1186,1414.2893,78.013,746.7541,1415.4952,77.8794,745.5126,1413.1458,0.0,0.0,0.0,0.0,0.0,0.0,0.0088,0.0822,0.1556,0.1247,1.1592,2.1938,0.0,0.0,0.0,0.0,0.0,0.0
3R$9pJGeb6MgJpHJQymJSF,False,1,Atikkabrett:Atikkabrett:6717985,IfcSlab,Atikkabrett:Atikkabrett,Massivholz,0,,18.35,116.706,0.1636,0.3647,0.2553,0.1459,5.4366,12.6748,19.913,5.8251,13.0351,20.2451,-119.0079,-115.8011,-112.5942,0.0,0.0,0.0,0.0,0.0,0.0,0.0,0.0,0.0,0.2374,0.2529,0.2684,124.5957,128.5833,132.5709,0.0,0.0,0.0
3R$9pJGeb6MgJpHJQymSjh,False,1,Attika Abdeckung:Attika Abdeckung:6716997,IfcSlab,Attika Abdeckung:Attika Abdeckung,Unknown,0,,8.83,34.6136,0.0719,not matched,not matched,not matched,not matched,not matched,not matched,not matched,not matched,not matched,not matched,not matched,not matched,not matched,not matched,not matched,not matched,not matched,not matched,not matched,not matched,not matched,not matched,not matched,not matched,not matched,not matched,not matched,not matched,not matched,not matched
1lNlPQ7XT5RQ2wbJSTuGUj,False,1,Attikablech Galerie Südost:Attikablech Galerie Südost:6350725,IfcWall,Attikablech Galerie Südost:Attikablech Galerie Südost,Unknown,0,,5.51,3.1958,0.0049,0.001,0.2893,0.5775,69.0157,105.4821,141.9486,69.0415,105.7971,142.5527,67.441,104.9686,142.4963,0.0534,0.0267,0.0,1.1794,0.5897,0.0,0.3411,0.1706,0.0,0.0267,0.0416,0.0564,0.0,0.0,0.0,0.0,0.0,0.0
1lNlPQ7XT5RQ2wbJSTuGdX,False,1,Attikablech Galerie Südwest:Attikablech Galerie Südwest:6351305,IfcWall,Attikablech Galerie Südwest:Attikablech Galerie Südwest,Unknown,0,,8.85,35.8425,0.0097,not matched,not matched,not matched,not matched,not matched,not matched,not matched,not matched,not matched,not matched,not matched,not matched,not matched,not matched,not matched,not matched,not matched,not matched,not matched,not matched,not matched,not matched,not matched,not matched,not matched,not matched,not matched,not matched,not matched,not matched
3R$9pJGeb6MgJpHJQymJTA,False,1,Attikabrett:Attikabrett:6718052,IfcSlab,Attikabrett:Attikabrett,Unknown,0,,5.5,3.3,0.0367,1.8873,1.8873,1.8873,157.2739,157.2739,157.2739,90.3863,90.3863,90.3863,68.97,68.97,68.97,5.478,5.478,5.478,0.0,0.0,0.0,11.517,11.517,11.517,3.399,3.399,3.399,0.99,0.99,0.99,0.0323,0.0323,0.0323
2b2$zMtOD2SQL3ltF3MWGZ,False,1,Basic Wall:3-Schichtplatte 27mm C+/C:3384320,IfcWall,Basic Wall:3-Schichtplatte 27mm C+/C,3-Schicht-Platte,0,0.027,11.37,5.7987,0.1405,0.2178,0.2178,0.2178,24.4015,24.4015,24.4015,24.8848,24.8848,24.8848,-86.3503,-86.3503,-86.3503,0.0,0.0,0.0,0.0,0.0,0.0,0.0,0.0,0.0,0.2259,0.2259,0.2259,111.0092,111.0092,111.0092,0.0,0.0,0.0
3_kqkSEVjFfA5bkOsNwaii,False,1,Basic Wall:Brandschutzplatte:5251017,IfcWall,Basic Wall:Brandschutzplatte,3-Schicht-Platte,0,0.028,4.72,2.4072,0.052,-41.9343,-20.9269,0.0806,15.9287,12.4799,9.0312,8.2634,8.7367,9.21,-34.269,-33.1139,-31.9588,0.0,0.0,0.0,0.0453,0.0226,0.0,0.0,0.0,0.0,0.035,0.0593,0.0836,42.4521,41.7687,41.0853,0.0,0.0,0.0
3D$hiogd117g3okR4n43_p,False,1,Basic Wall:Brandschutzplatte:5421172,IfcWallStandardCase,Basic Wall:Brandschutzplatte,3-Schicht-Platte,0,0.028,3.7,1.8981,0.0531,-42.8213,-21.3695,0.0823,16.2656,12.7439,9.2222,8.4382,8.9215,9.4049,-34.9939,-33.8144,-32.6349,0.0,0.0,0.0,0.0463,0.0232,0.0,0.0,0.0,0.0,0.0357,0.0606,0.0854,43.3502,42.6523,41.9544,0.0,0.0,0.0
0XxTIRndPDswCFuTTPaYEK_L1,False,1,Basic Wall:Holzfassade hinterlüftet:1434444 (L1),IfcWallStandardCase,Basic Wall:Holzfassade hinterlüftet,"Holzschalung Vertikal, Nadelholz,  schwarz gestrichen",1,0.02,6.2899,11.9508,0.2384,-189.8335,-190.4554,-191.0772,29.1069,32.42,35.733,15.9878,17.6882,19.3885,-176.7145,-175.7236,-174.7327,0.0,0.0,0.0,1.1072,1.6592,2.2112,0.0,0.0,0.0,0.1502,0.1503,0.1505,191.4448,191.6021,191.7595,0.0,0.0,0.0
0XxTIRndPDswCFuTTPaYEK_L2,False,1,Basic Wall:Holzfassade hinterlüftet:1434444 (L2),IfcWallStandardCase,Basic Wall:Holzfassade hinterlüftet,Luft,2,0.03,6.2899,11.9508,0.3576,-286.3535,-143.0173,0.3189,27.5519,35.5391,43.5262,15.6941,29.9731,44.2521,-274.4957,-260.3031,-246.1105,0.0,0.0,0.0,1.0125,0.5062,0.0,0.0,0.0,0.0,0.2268,0.4067,0.5866,288.9505,289.3632,289.776,0.0,0.0,0.0
0XxTIRndPDswCFuTTPaYEK_L3,False,1,Basic Wall:Holzfassade hinterlüftet:1434444 (L3),IfcWallStandardCase,Basic Wall:Holzfassade hinterlüftet,Luft,3,0.04,6.2899,11.9508,0.4768,-381.8046,-193.4916,-5.1787,36.7358,50.9314,65.1269,20.9254,40.7355,60.5455,-365.9942,-370.8999,-375.8055,0.0,0.0,0.0,1.35,0.675,0.0,0.0,0.0,0.0,0.3023,0.5968,0.8912,385.2673,410.3635,435.4597,0.0,0.0,0.0
1dVujdEGf0jAkYJBqtyZ1W,False,1,Basic Wall:Technikschnittstelle:6225020,IfcWall,Basic Wall:Technikschnittstelle,Gipsfaserplatte,0,0.025,3.55,5.2895,0.1317,not matched,not matched,not matched,not matched,not matched,not matched,not matched,not matched,not matched,not matched,not matched,not matched,not matched,not matched,not matched,not matched,not matched,not matched,not matched,not matched,not matched,not matched,not matched,not matched,not matched,not matched,not matched,not matched,not matched,not matched
08$9xERYLE6RtehkhfI5yK,False,1,Basic Wall:Wärmedämmung_Mineralwolle_80:2896771,IfcWallStandardCase,Basic Wall:Wärmedämmung_Mineralwolle_80,"Wärmedämmung Mineralwolle, 0.035 W/mK",0,0.08,0.124,0.3255,0.0244,0.0122,0.0382,0.0643,1.6787,2.5621,3.4455,1.6921,2.6026,3.5132,1.6342,2.2908,2.9475,0.0,0.0267,0.0533,0.0,0.2258,0.4515,0.0,0.0,0.0,0.0048,0.0061,0.0074,0.0341,0.017,0.0,0.019,0.0362,0.0535
2OOgpQZObEZwXdl1UXorlb,False,1,Basic Wall:Wärmedämmung_Mineralwolle_80:5774682,IfcWall,Basic Wall:Wärmedämmung_Mineralwolle_80,"Wärmedämmung Mineralwolle, 0.035 W/mK",0,0.08,11.77,13.5355,1.0728,0.5386,1.6835,2.8284,73.8084,112.6496,151.4907,74.3962,114.4312,154.4663,71.8508,100.7232,129.5955,0.0,1.1711,2.3423,0.0,9.9264,19.8528,0.0,0.0,0.0,0.2116,0.2684,0.3253,1.4983,0.7491,0.0,0.8355,1.5929,2.3503
3PSzbSor5DzehfFtR_jj_6,False,1,Basic Wall:Wärmedämmung_Slentex 70:687731,IfcWallStandardCase,Basic Wall:Wärmedämmung_Slentex 70,Wärmedämmung Slentex Aerogel,0,0.07,0.7241,2.2605,0.1582,1.5419,1.5419,1.5419,133.5199,133.5199,133.5199,135.9329,135.9329,135.9329,126.4415,126.4415,126.4415,0.0,0.0,0.0,8.826,8.826,8.826,0.0,0.0,0.0,0.4537,0.4537,0.4537,0.0,0.0,0.0,0.2117,0.2117,0.2117
2lKHuWZur3SwHp3ySgW6UM,False,1,Blechabdeckung Brüstung:Blechabdeckung Brüstung:7933804,IfcWall,Blechabdeckung Brüstung:Blechabdeckung Brüstung,Unknown,0,,18.38,117.2644,0.0221,-5.1597,-3.2393,-1.3188,279.0565,287.4885,295.9205,273.9742,284.315,294.6559,244.7926,261.2586,277.7245,0.0,0.0,0.0,0.0,0.0,0.0,0.0,0.0,0.0,0.1263,0.1089,0.0915,29.0554,22.9476,16.8399,0.0,0.0,0.0
1GYJkCWSXDPAizLcwxbAKl,False,1,Bleche Fassade_V6:Bleche Fassade_V6:4910201,IfcBuildingElementProxy,Bleche Fassade_V6:Bleche Fassade_V6,Material 4,0,,16.62,118.833,0.0646,not matched,not matched,not matched,not matched,not matched,not matched,not matched,not matched,not matched,not matched,not matched,not matched,not matched,not matched,not matched,not matched,not matched,not matched,not matched,not matched,not matched,not matched,not matched,not matched,not matched,not matched,not matched,not matched,not matched,not matched
3WNoAUw3v8hfBwz_zVQKXI,False,1,BSH Stütze - rechteckig:BSH 140 x 140:5646328,IfcColumn,BSH Stütze - rechteckig:BSH 140 x 140,Brettsperrholz,0,,2.74,0.3836,0.0538,0.0,0.0,0.0,5.6828,9.3937,13.1045,5.7039,9.4281,13.1523,-13.1149,-20.153,-27.1911,0.12,0.1886,0.2573,0.0348,0.0546,0.0745,0.0,0.0,0.0,0.48,0.7545,1.0291,18.184,28.5833,38.9826,0.0,0.0,0.0
0OrKp320H5Yf_7RHyEphUy,False,1,BSH Träger - rechteckig:BSH Holz 240 x 240:2844654,IfcBeam,BSH Träger - rechteckig:BSH Holz 240 x 240,Brettschichtholz C24,0,,5.3,1.26,0.2938,2.0551,1.0275,0.0,49.0327,53.1288,57.225,25.1319,41.2896,57.4473,-201.7789,-182.323,-162.8671,0.0,0.7024,1.4048,0.0,0.2035,0.407,0.0,0.0,0.0,0.4309,3.0253,5.6198,226.48,219.6813,212.8826,0.0,0.0,0.0
1s7hF4kkb7XRX_dK$UQExS,False,1,Contec_NotueberlaufEckig:Contec_NotueberlaufEckig:7131598,IfcBuildingElementProxy,Contec_NotueberlaufEckig:Contec_NotueberlaufEckig,3D-Schnittmaterial,0,,0.34,0.102,0.001,not matched,not matched,not matched,not matched,not matched,not matched,not matched,not matched,not matched,not matched,not matched,not matched,not matched,not matched,not matched,not matched,not matched,not matched,not matched,not matched,not matched,not matched,not matched,not matched,not matched,not matched,not matched,not matched,not matched,not matched
2TLYsKbtX0nh0z8PYscOBM,False,1,Dachdämmung_V3:Dachdämmung_V3:5659319,IfcBuildingElementProxy,Dachdämmung_V3:Dachdämmung_V3,Material 2,0,,0.0,77.7005,7.77,not matched,not matched,not matched,not matched,not matched,not matched,not matched,not matched,not matched,not matched,not matched,not matched,not matched,not matched,not matched,not matched,not matched,not matched,not matched,not matched,not matched,not matched,not matched,not matched,not matched,not matched,not matched,not matched,not matched,not matched
0nK9oFqBX9tfLI4$NtgMoA,False,1,Einfügepunkt:Einfügepunkt:5139138,IfcBuildingElementProxy,Einfügepunkt:Einfügepunkt,Körpermodell,0,,0.06,0.0036,0.0,not matched,not matched,not matched,not matched,not matched,not matched,not matched,not matched,not matched,not matched,not matched,not matched,not matched,not matched,not matched,not matched,not matched,not matched,not matched,not matched,not matched,not matched,not matched,not matched,not matched,not matched,not matched,not matched,not matched,not matched
2CLn4ZUSr8B8TuzLO7ROP3,False,1,Einlauf Contec Tube:DN110:6763225,IfcBuildingElementProxy,Einlauf Contec Tube:DN110,3D-Schnittmaterial,0,,0.3,0.072,0.0004,not matched,not matched,not matched,not matched,not matched,not matched,not matched,not matched,not matched,not matched,not matched,not matched,not matched,not matched,not matched,not matched,not matched,not matched,not matched,not matched,not matched,not matched,not matched,not matched,not matched,not matched,not matched,not matched,not matched,not matched
2BG9j1Bgb2xOV69dnpdgb9,False,1,FE TÜR 3 tlg - DK-Fix im Rahmen-DK:Fenster Büro1:1813086,IfcWindow,FE TÜR 3 tlg - DK-Fix im Rahmen-DK:Fenster Büro1,Unknown,0,,3.32,7.5364,0.3749,1.5126,-9.3239,-20.1605,75.3726,395.4249,715.4772,76.519,386.0965,695.6739,74.0471,381.8932,689.7393,0.0,0.0,0.0,0.0,0.0,0.0,0.0,0.0,0.0,0.3881,1.2411,2.0942,1.6303,2.5816,3.5329,0.4535,0.3805,0.3075
2BG9j1Bgb2xOV69dnpdgeX,False,1,FE TÜR 3 tlg - DK-Fix im Rahmen-DK:Fenster Büro2:1812790,IfcWindow,FE TÜR 3 tlg - DK-Fix im Rahmen-DK:Fenster Büro2,Unknown,0,,3.99,9.0573,0.4446,1.7012,-11.2639,-24.229,155.253,507.5593,859.8656,156.2739,496.1699,836.0659,151.696,490.3149,828.9337,0.0,0.0,0.0,0.0,0.0,0.0,0.0,0.0,0.0,0.7189,1.6179,2.5168,3.0192,3.6325,4.2458,0.8399,0.6047,0.3695
2HRNy9Dlv5uw9UESvb_JkV,False,1,Floor:3-Schichtplatte 27mm B/C:4895632,IfcSlab,Floor:3-Schichtplatte 27mm B/C,3-Schicht-Platte,0,0.027,16.23,77.2548,0.1159,-93.465,-46.6427,0.1797,35.5025,27.8158,20.129,18.4178,19.4728,20.5278,-76.3803,-73.8058,-71.2313,0.0,0.0,0.0,0.101,0.0505,0.0,0.0,0.0,0.0,0.0779,0.1321,0.1863,94.6193,93.096,91.5727,0.0,0.0,0.0
0mZKsgvRH1Mhc20hMTKOGe,False,1,Floor:3-Schichtplatte 40mm:5206093,IfcSlab,Floor:3-Schichtplatte 40mm,Massivholz,0,0.04,1.21,0.5445,0.0218,0.0486,-8.712,-17.4727,0.7244,1.996,3.2675,0.7762,1.2746,1.7729,-15.858,-15.9181,-15.9781,0.0,0.0,0.0,0.0,0.1011,0.2022,0.0,0.0,0.0,0.0316,0.0227,0.0138,16.6026,17.0688,17.5351,0.0,0.0,0.0
0hwsZ_JYbDhgh3xE2hTxxt,False,1,Floor:Betonauflager 15cm:3980840,IfcSlab,Floor:Betonauflager 15cm,Beton,0,0.15,1.48,0.9324,0.1336,0.0024,0.2147,0.4271,17.9558,36.291,54.6261,17.9759,36.4894,55.0029,16.191,32.8582,49.5255,0.0,0.0,0.0,0.0,0.0,0.0,0.1937,1.68,3.1663,0.521,1.189,1.857,0.7896,0.6145,0.4395,0.2806,0.1475,0.0144
1ToJR57Y16uvjKSTB4E_Uw,False,1,Floor:Boden BSP 120 - 5s:1353113,IfcSlab,Floor:Boden BSP 120 - 5s,Brettsperrholz,0,,16.66,88.298,2.4818,3.5776,-998.9081,-2001.3938,371.6078,565.9169,760.226,380.0725,387.2294,394.3863,-1584.9868,-1610.2704,-1635.5541,0.0,0.0,0.0,0.0,1.0809,2.1618,0.0,0.0,0.0,3.9898,2.8293,1.6689,1961.0695,1993.5896,2026.1096,0.0,0.0,0.0
2ro6NVukjA0hxWwZJgTpIl,False,1,Floor:Boden BSP 120 - 5s:729845,IfcSlab,Floor:Boden BSP 120 - 5s,Brettsperrholz,0,0.12,7.97,25.1852,0.6181,0.891,-248.7812,-498.4534,92.5501,140.9434,189.3366,94.6582,96.4407,98.2231,-394.7459,-401.0429,-407.3398,0.0,0.0,0.0,0.0,0.2692,0.5384,0.0,0.0,0.0,0.9937,0.7047,0.4157,488.4105,496.5097,504.6089,0.0,0.0,0.0
3PSzbSor5DzehfFtR_jjmV,False,1,Floor:Bodenaufbau Hauptgeschoss:687594,IfcSlab,Floor:Bodenaufbau Hauptgeschoss,Unknown,0,,7.79,56.5554,17.0593,8.754,35.0953,61.4365,3325.174,3549.8616,3774.5492,3340.5197,3596.9798,3853.44,2806.3504,2900.1288,2993.9072,0.0,149.6953,299.3907,0.0,19.4476,38.8952,0.0,3.4545,6.909,109.0115,124.8753,140.7392,0.0,0.0,0.0,425.1578,399.3782,373.5987
17eMdncQP0cPM7MCmsTKi8,False,1,Floor:Bodenaufbau Hauptgeschoss ohne FBH:5900012,IfcSlab,Floor:Bodenaufbau Hauptgeschoss ohne FBH,Unknown,0,,17.43,115.3866,27.9729,0.5119,44.9684,89.4249,3759.5578,7598.5306,11437.5034,3763.7537,7640.0703,11516.387,3390.0358,6879.7949,10369.554,0.0,0.0,0.0,0.0,0.0,0.0,40.5607,351.7592,662.9577,109.0943,248.9588,388.8233,165.3198,128.6753,92.0308,58.7431,30.8821,3.0211
0XxTIRndPDswCFuTTPaYIN,False,1,Floor:BSP 160 - 5s:1434703,IfcSlab,Floor:BSP 160 - 5s,Brettsperrholz,0,0.16,16.94,94.6946,2.7814,4.0095,-1119.4951,-2242.9998,416.4679,634.2337,851.9996,425.9544,433.9753,441.9961,-1776.3246,-1804.6604,-1832.9963,0.0,0.0,0.0,0.0,1.2114,2.4228,0.0,0.0,0.0,4.4714,3.1709,1.8704,2197.8076,2234.2534,2270.6992,0.0,0.0,0.0
2uvY1DJi929x4ZbMR9rWjH,False,1,Floor:Fensterbank 24mm:6737713,IfcSlab,Floor:Fensterbank 24mm,"Holzschalung Horizontal, Nadelholz,  schwarz gestrichen",0,0.024,3.2,0.704,0.0169,-13.4572,-6.721,0.0151,2.0634,2.0602,2.057,1.1334,1.6123,2.0913,-12.5272,-12.0792,-11.6311,0.0,0.0,0.0,0.0785,0.0393,0.0,0.0,0.0,0.0,0.0106,0.0192,0.0277,13.5714,13.6331,13.6947,0.0,0.0,0.0
1ToJR57Y16uvjKSTB4E_TQ_L1,False,1,Floor:Galerie Fussbodenaufbau:1353081 (L1),IfcSlab,Floor:Galerie Fussbodenaufbau,PU Bodenbelag - Sika PS23,1,0.004,16.83,107.712,0.2672,not matched,not matched,not matched,not matched,not matched,not matched,not matched,not matched,not matched,not matched,not matched,not matched,not matched,not matched,not matched,not matched,not matched,not matched,not matched,not matched,not matched,not matched,not matched,not matched,not matched,not matched,not matched,not matched,not matched,not matched
1ToJR57Y16uvjKSTB4E_TQ_L2,False,1,Floor:Galerie Fussbodenaufbau:1353081 (L2),IfcSlab,Floor:Galerie Fussbodenaufbau,Knauf - Vidiwall,2,0.015,16.83,107.712,1.0019,1.1796,-95.751,-192.6815,372.0849,943.3305,1514.5761,373.5472,536.302,699.0568,351.0623,392.4258,433.7893,0.0,7.4268,14.8535,0.0,0.0817,0.1634,0.0,0.0,0.0,4.5886,7.3732,10.1578,0.0,120.0464,240.0927,17.8962,8.9481,0.0
1ToJR57Y16uvjKSTB4E_TQ_L3,False,1,Floor:Galerie Fussbodenaufbau:1353081 (L3),IfcSlab,Floor:Galerie Fussbodenaufbau,Knauf - Brio Heizboden 25,3,0.025,16.83,107.712,1.6699,1.6202,2.0328,2.4455,545.1351,719.3786,893.6222,547.6442,722.3286,897.0131,372.4349,607.6298,842.8246,0.0,0.0,0.0,0.0,0.0,0.0,0.0,0.0,0.0,9.2094,10.134,11.0586,0.0,0.0,0.0,165.9999,104.5649,43.13
1ToJR57Y16uvjKSTB4E_TQ_L4,False,1,Floor:Galerie Fussbodenaufbau:1353081 (L4),IfcSlab,Floor:Galerie Fussbodenaufbau,Trittschalldämmung Flumroc 341,4,0.03,16.83,107.712,2.0039,3.8846,3.8846,3.8846,253.0933,253.0933,253.0933,257.1234,257.1234,257.1234,231.2629,231.2629,231.2629,4.9892,4.9892,4.9892,13.6764,13.6764,13.6764,0.0,0.0,0.0,0.7127,0.7127,0.7127,0.0,0.0,0.0,6.4821,6.4821,6.4821
3fl00qHO16BwCmbpQP9mlL,False,1,Floor:Gitterrost schwarz:354156,IfcSlab,Floor:Gitterrost schwarz,Zink Gitter,0,0.03,4.18,2.4244,0.042,0.0,22.7498,45.4997,0.0,699.6366,1399.2731,0.0,724.4486,1448.8972,0.0,714.6787,1429.3574,0.0,0.0,0.0,0.0,0.0,0.0,0.0,0.0262,0.0525,0.0,1.0456,2.0913,0.0,8.6581,17.3163,0.0,0.0399,0.0798
3ZnJlnBePBXQGgUrEPS3c7,False,1,Floor:Massivholz 24mm:6301249,IfcSlab,Floor:Massivholz 24mm,Massivholz Fichte,0,0.024,2.05,0.287,0.0068,-5.7087,-5.7087,-5.7087,3.6766,3.6766,3.6766,1.8813,1.8813,1.8813,-3.9134,-3.9134,-3.9134,0.0,0.0,0.0,0.0368,0.0368,0.0368,0.0,0.0,0.0,0.0045,0.0045,0.0045,5.7533,5.7533,5.7533,0.0,0.0,0.0
0plsFTxFrAH8fTRVJG6Lb8,False,1,Floor:Mehrschichtplatte 50mm:3167216,IfcSlab,Floor:Mehrschichtplatte 50mm,3-Schicht-Platte,0,0.04,5.5,3.795,0.1494,-120.4804,-60.1244,0.2316,45.7643,35.8558,25.9472,23.7414,25.1013,26.4612,-98.4575,-95.1388,-91.8201,0.0,0.0,0.0,0.1301,0.065,0.0,0.0,0.0,0.0,0.1005,0.1704,0.2402,121.9682,120.0046,118.0411,0.0,0.0,0.0
3dHkNX9eXDKekm9KvP4T_n,False,1,Floor:Terrassenbelag Holzlattung Douglasie:7269453,IfcSlab,Floor:Terrassenbelag Holzlattung Douglasie,Terrassenbelag Holz,0,0.026000000000000002,8.57,19.3682,0.3438,-385.2486,-82.7689,219.7109,248.1142,261.8711,275.6279,126.9606,201.1594,275.3583,-264.095,-197.9284,-131.7619,0.0,0.0,0.0,2.4861,10.3229,18.1596,0.0,0.0,0.0,0.3058,0.864,1.4222,388.2637,305.5958,222.928,0.0,0.0,0.0
3FWYQdBzL92vc$OVs8UAaq,False,1,Haustechnik_Platzhalter:Pury Ausseneinheit:6192195,IfcBuildingElementProxy,Haustechnik_Platzhalter:Pury Ausseneinheit,3D-Schnittmaterial,0,,1.5,1.38,1.0453,0.3957,0.3957,0.3957,49.4563,49.4563,49.4563,49.9278,49.9278,49.9278,46.4185,46.4185,46.4185,0.0,0.0,0.0,0.0,0.0,0.0,0.0,0.0,0.0,0.145,0.145,0.145,2.9281,2.9281,2.9281,0.4363,0.4363,0.4363
1Et2c94TXFAwSKPeylnBiH,False,1,Montageraum Elektro:Montageraum Elektro:6274127,IfcBuildingElementProxy,Montageraum Elektro:Montageraum Elektro,3D-Schnittmaterial,0,,2.33,0.9087,0.1805,not matched,not matched,not matched,not matched,not matched,not matched,not matched,not matched,not matched,not matched,not matched,not matched,not matched,not matched,not matched,not matched,not matched,not matched,not matched,not matched,not matched,not matched,not matched,not matched,not matched,not matched,not matched,not matched,not matched,not matched
1Et2c94TXFAwSKPeylnBlG,False,1,Montageraum Elektro1:Montageraum Elektro:6274190,IfcBuildingElementProxy,Montageraum Elektro1:Montageraum Elektro,3D-Schnittmaterial,0,,2.33,0.9087,0.1805,not matched,not matched,not matched,not matched,not matched,not matched,not matched,not matched,not matched,not matched,not matched,not matched,not matched,not matched,not matched,not matched,not matched,not matched,not matched,not matched,not matched,not matched,not matched,not matched,not matched,not matched,not matched,not matched,not matched,not matched
1Et2c94TXFAwSKPeylnBH_,False,1,Rohranschluss_Technikschnttelle_Nest:E-Gelbwasser:6271776,IfcBuildingElementProxy,Rohranschluss_Technikschnttelle_Nest:E-Gelbwasser,3D-Schnittmaterial,0,,0.12,0.0072,0.0004,not matched,not matched,not matched,not matched,not matched,not matched,not matched,not matched,not matched,not matched,not matched,not matched,not matched,not matched,not matched,not matched,not matched,not matched,not matched,not matched,not matched,not matched,not matched,not matched,not matched,not matched,not matched,not matched,not matched,not matched
1Et2c94TXFAwSKPeylnBH8,False,1,Rohranschluss_Technikschnttelle_Nest:E-Grauwasser leicht:6271766,IfcBuildingElementProxy,Rohranschluss_Technikschnttelle_Nest:E-Grauwasser leicht,3D-Schnittmaterial,0,,0.11,0.0099,0.0007,not matched,not matched,not matched,not matched,not matched,not matched,not matched,not matched,not matched,not matched,not matched,not matched,not matched,not matched,not matched,not matched,not matched,not matched,not matched,not matched,not matched,not matched,not matched,not matched,not matched,not matched,not matched,not matched,not matched,not matched
1Et2c94TXFAwSKPeylnBMe,False,1,Rohranschluss_Technikschnttelle_Nest:E-Grauwasser schwer:6271734,IfcBuildingElementProxy,Rohranschluss_Technikschnttelle_Nest:E-Grauwasser schwer,3D-Schnittmaterial,0,,0.11,0.0099,0.0007,not matched,not matched,not matched,not matched,not matched,not matched,not matched,not matched,not matched,not matched,not matched,not matched,not matched,not matched,not matched,not matched,not matched,not matched,not matched,not matched,not matched,not matched,not matched,not matched,not matched,not matched,not matched,not matched,not matched,not matched
1Et2c94TXFAwSKPeylnBHY,False,1,Rohranschluss_Technikschnttelle_Nest:E-Regenwasser:6271804,IfcBuildingElementProxy,Rohranschluss_Technikschnttelle_Nest:E-Regenwasser,3D-Schnittmaterial,0,,0.11,0.0121,0.0011,not matched,not matched,not matched,not matched,not matched,not matched,not matched,not matched,not matched,not matched,not matched,not matched,not matched,not matched,not matched,not matched,not matched,not matched,not matched,not matched,not matched,not matched,not matched,not matched,not matched,not matched,not matched,not matched,not matched,not matched
1Et2c94TXFAwSKPeylnBGM,False,1,Rohranschluss_Technikschnttelle_Nest:E-Schmutzwasser:6271816,IfcBuildingElementProxy,Rohranschluss_Technikschnttelle_Nest:E-Schmutzwasser,3D-Schnittmaterial,0,,0.11,0.0121,0.001,not matched,not matched,not matched,not matched,not matched,not matched,not matched,not matched,not matched,not matched,not matched,not matched,not matched,not matched,not matched,not matched,not matched,not matched,not matched,not matched,not matched,not matched,not matched,not matched,not matched,not matched,not matched,not matched,not matched,not matched
1Et2c94TXFAwSKPeylnBGC,False,1,Rohranschluss_Technikschnttelle_Nest:E-Schwarzwasser:6271826,IfcBuildingElementProxy,Rohranschluss_Technikschnttelle_Nest:E-Schwarzwasser,3D-Schnittmaterial,0,,0.13,0.0143,0.0012,not matched,not matched,not matched,not matched,not matched,not matched,not matched,not matched,not matched,not matched,not matched,not matched,not matched,not matched,not matched,not matched,not matched,not matched,not matched,not matched,not matched,not matched,not matched,not matched,not matched,not matched,not matched,not matched,not matched,not matched
1Et2c94TXFAwSKPeylnBCG,False,1,Rohranschluss_Technikschnttelle_Nest:Grauwasser aufbereitet:6272078,IfcBuildingElementProxy,Rohranschluss_Technikschnttelle_Nest:Grauwasser aufbereitet,3D-Schnittmaterial,0,,0.11,0.0033,0.0001,not matched,not matched,not matched,not matched,not matched,not matched,not matched,not matched,not matched,not matched,not matched,not matched,not matched,not matched,not matched,not matched,not matched,not matched,not matched,not matched,not matched,not matched,not matched,not matched,not matched,not matched,not matched,not matched,not matched,not matched
1Et2c94TXFAwSKPeylnBIk,False,1,Rohranschluss_Technikschnttelle_Nest:Kaltwasser:6271984,IfcBuildingElementProxy,Rohranschluss_Technikschnttelle_Nest:Kaltwasser,3D-Schnittmaterial,0,,0.11,0.0033,0.0001,not matched,not matched,not matched,not matched,not matched,not matched,not matched,not matched,not matched,not matched,not matched,not matched,not matched,not matched,not matched,not matched,not matched,not matched,not matched,not matched,not matched,not matched,not matched,not matched,not matched,not matched,not matched,not matched,not matched,not matched
1Et2c94TXFAwSKPeylnBNx,False,1,Rohranschluss_Technikschnttelle_Nest:MTE - Rücklauf:6271653,IfcBuildingElementProxy,Rohranschluss_Technikschnttelle_Nest:MTE - Rücklauf,3D-Schnittmaterial,0,,0.19,0.0095,0.0004,not matched,not matched,not matched,not matched,not matched,not matched,not matched,not matched,not matched,not matched,not matched,not matched,not matched,not matched,not matched,not matched,not matched,not matched,not matched,not matched,not matched,not matched,not matched,not matched,not matched,not matched,not matched,not matched,not matched,not matched
1Et2c94TXFAwSKPeylnBNl,False,1,Rohranschluss_Technikschnttelle_Nest:MTE - Vorlauf:6271665,IfcBuildingElementProxy,Rohranschluss_Technikschnttelle_Nest:MTE - Vorlauf,3D-Schnittmaterial,0,,0.19,0.0095,0.0003,not matched,not matched,not matched,not matched,not matched,not matched,not matched,not matched,not matched,not matched,not matched,not matched,not matched,not matched,not matched,not matched,not matched,not matched,not matched,not matched,not matched,not matched,not matched,not matched,not matched,not matched,not matched,not matched,not matched,not matched
1Et2c94TXFAwSKPeylnBNY,False,1,Rohranschluss_Technikschnttelle_Nest:NTE - Rücklauf:6271676,IfcBuildingElementProxy,Rohranschluss_Technikschnttelle_Nest:NTE - Rücklauf,3D-Schnittmaterial,0,,0.19,0.0114,0.0005,not matched,not matched,not matched,not matched,not matched,not matched,not matched,not matched,not matched,not matched,not matched,not matched,not matched,not matched,not matched,not matched,not matched,not matched,not matched,not matched,not matched,not matched,not matched,not matched,not matched,not matched,not matched,not matched,not matched,not matched
1Et2c94TXFAwSKPeylnBMR,False,1,Rohranschluss_Technikschnttelle_Nest:NTE - Vorlauf:6271685,IfcBuildingElementProxy,Rohranschluss_Technikschnttelle_Nest:NTE - Vorlauf,3D-Schnittmaterial,0,,0.19,0.0114,0.0005,not matched,not matched,not matched,not matched,not matched,not matched,not matched,not matched,not matched,not matched,not matched,not matched,not matched,not matched,not matched,not matched,not matched,not matched,not matched,not matched,not matched,not matched,not matched,not matched,not matched,not matched,not matched,not matched,not matched,not matched
1Et2c94TXFAwSKPeylnBD2,False,1,Rohranschluss_Technikschnttelle_Nest:Regenwasser aufbereitet:6272028,IfcBuildingElementProxy,Rohranschluss_Technikschnttelle_Nest:Regenwasser aufbereitet,3D-Schnittmaterial,0,,0.11,0.0033,0.0001,not matched,not matched,not matched,not matched,not matched,not matched,not matched,not matched,not matched,not matched,not matched,not matched,not matched,not matched,not matched,not matched,not matched,not matched,not matched,not matched,not matched,not matched,not matched,not matched,not matched,not matched,not matched,not matched,not matched,not matched
1Et2c94TXFAwSKPeylnBC2,False,1,Rohranschluss_Technikschnttelle_Nest:Regenwasser Trinkwasser:6272092,IfcBuildingElementProxy,Rohranschluss_Technikschnttelle_Nest:Regenwasser Trinkwasser,3D-Schnittmaterial,0,,0.11,0.0022,0.0,not matched,not matched,not matched,not matched,not matched,not matched,not matched,not matched,not matched,not matched,not matched,not matched,not matched,not matched,not matched,not matched,not matched,not matched,not matched,not matched,not matched,not matched,not matched,not matched,not matched,not matched,not matched,not matched,not matched,not matched
1YKyzAV3HA3hGaVYlxUqa8,False,1,Shell_V12:Shell_V12:5294566,IfcBuildingElementProxy,Shell_V12:Shell_V12,"Concrete, Lightweight",0,,0.0,281.8965,11.5047,3.6368,-0.2672,-4.1712,1589.6274,2818.3324,4047.0375,1591.031,2820.89,4050.7491,1484.1063,2613.7742,3743.442,43.1426,33.8311,24.5196,10.0551,5.0275,0.0,38.1956,22.7604,7.3253,118.4984,110.8851,103.2717,58.0987,115.1446,172.1904,0.0,0.0,0.0
1Tv0YGeiT2fAVW5nnqum0c,False,1,TU DF 1 - Rahmenstock flächenbündig variabel:DL - H - 900 x 2130 - EI 30:5464826,IfcDoor,TU DF 1 - Rahmenstock flächenbündig variabel:DL - H - 900 x 2130 - EI 30,Unknown,0,,2.13,2.1087,0.1,not matched,not matched,not matched,not matched,not matched,not matched,not matched,not matched,not matched,not matched,not matched,not matched,not matched,not matched,not matched,not matched,not matched,not matched,not matched,not matched,not matched,not matched,not matched,not matched,not matched,not matched,not matched,not matched,not matched,not matched
1a1$QVmKz8nRXZVkIMOOBt,False,1,Tür Forster Unico:Ausstattung Sage Glas:2668518,IfcWindow,Tür Forster Unico:Ausstattung Sage Glas,Unknown,0,,2.17,2.6908,0.1289,0.5401,-3.329,-7.1981,26.9111,141.1827,255.4543,27.3204,137.852,248.3837,26.4378,136.3513,246.2649,0.0,0.0,0.0,0.0,0.0,0.0,0.0,0.0,0.0,0.1386,0.4432,0.7477,0.5821,0.9218,1.2614,0.1619,0.1358,0.1098
