Id,Compiled,Elements Compiled,Name,Entity,ObjectType,Material Descriptor,Layer Number,Layer Thickness [m],Length [m],Largest Surface Area [m^2],Volume [m^3],Global Warming Potential Manufacturing [kgCO2-eqv] (min),Global Warming Potential Manufacturing [kgCO2-eqv] (mean),Global Warming Potential Manufacturing [kgCO2-eqv] (max),Global Warming Potential Disposal [kgCO2-eqv] (min),Global Warming Potential Disposal [kgCO2-eqv] (mean),Global Warming Potential Disposal [kgCO2-eqv] (max),Global Warming Potential Total [kgCO2-eqv] (min),Global Warming Potential Total [kgCO2-eqv] (mean),Global Warming Potential Total [kgCO2-eqv] (max),Biogenic Carbon [kg C] (min),Biogenic Carbon [kg C] (mean),Biogenic Carbon [kg C] (max),UBP (Total) (min),UBP (Total) (mean),UBP (Total) (max),Total Renewable Primary Energy [kWh oil-eq] (min),Total Renewable Primary Energy [kWh oil-eq] (mean),Total Renewable Primary Energy [kWh oil-eq] (max),Total Non-Renewable Primary Energy [kWh oil-eq] (min),Total Non-Renewable Primary Energy [kWh oil-eq] (mean),Total Non-Renewable Primary Energy [kWh oil-eq] (max)
aebc0975e3,True,2,Abdeckblech gerundet-neu:Abdeckblech gerundet-neu,IfcBuildingElementProxy,Abdeckblech gerundet-neu:Abdeckblech gerundet-neu,<Unnamed>,0,,33.18,309.2376,0.07,1048.831,2147.4705,3246.11,1.4913,2.6618,3.8323,1050.714,2151.177,3251.64,0.0,0.0,0.0,2353750.0,4771375.0,7189000.0,984.809,1236.1895,1487.57,4669.84,8500.87,12331.9
1fde2b1291,True,8,Basic Wall:3-Schichtplatte 27mm - Schalplatte,IfcWallStandardCase,Basic Wall:3-Schichtplatte 27mm - Schalplatte,3-Schicht-Platte,0,0.027,37.3238,13.2503,0.3576,67.065,67.065,67.065,8.9582,8.9582,8.9582,75.9746,75.9746,75.9746,70.1429,70.1429,70.1429,163612.728,163612.728,163612.728,2154.5042,2154.5042,2154.5042,353.1443,353.1443,353.1443
6d9cf675f7,True,2,Basic Wall:3-Schichtplatte 27mm B/C,IfcWallStandardCase,Basic Wall:3-Schichtplatte 27mm B/C,3-Schicht-Platte,0,0.027,1.7031,3.7039,0.0999,18.7354,18.7354,18.7354,2.5026,2.5026,2.5026,21.2245,21.2245,21.2245,19.5953,19.5953,19.5953,45707.247,45707.247,45707.247,601.8875,601.8875,601.8875,98.6552,98.6552,98.6552
16380cc63d,True,2,Basic Wall:3-Schichtplatte 27mm C+/C,IfcWallStandardCase,Basic Wall:3-Schichtplatte 27mm C+/C,3-Schicht-Platte,0,0.027,7.7979,2.8073,0.0757,14.1969,14.1969,14.1969,1.8964,1.8964,1.8964,16.083,16.083,16.083,14.8485,14.8485,14.8485,34635.021,34635.021,34635.021,456.0849,456.0849,456.0849,74.7568,74.7568,74.7568
30abe42a62,True,2,Basic Wall:3-Schichtplatte 40mm,IfcWallStandardCase,Basic Wall:3-Schichtplatte 40mm,3-Schicht-Platte,0,0.04,0.9,2.2834,0.0913,17.1226,17.1226,17.1226,2.2871,2.2871,2.2871,19.3973,19.3973,19.3973,17.9084,17.9084,17.9084,41772.489,41772.489,41772.489,550.0734,550.0734,550.0734,90.1624,90.1624,90.1624
ce0cc1e825_L1,True,6,Basic Wall:Blechverkleidung gedämmt (L1),IfcWallStandardCase,Basic Wall:Blechverkleidung gedämmt,"Stahl, 45-34, Pulverbeschichtung schwarz",1,0.003,0.6939,1.2595,0.0037,130.1216,130.1216,130.1216,0.2013,0.2013,0.2013,130.4121,130.4121,130.4121,0.0,0.0,0.0,441484.0,441484.0,441484.0,40.663,40.663,40.663,453.102,453.102,453.102
ce0cc1e825_L2,True,6,Basic Wall:Blechverkleidung gedämmt (L2),IfcWallStandardCase,Basic Wall:Blechverkleidung gedämmt,Wärmedämmung Slentex Aerogel,2,0.046,0.6939,1.2595,0.0571,414.546,414.546,414.546,2.4753,2.4753,2.4753,417.1155,417.1155,417.1155,0.0,0.0,0.0,630384.0,630384.0,630384.0,107.919,107.919,107.919,1969.95,1969.95,1969.95
ce0cc1e825_L3,True,6,Basic Wall:Blechverkleidung gedämmt (L3),IfcWallStandardCase,Basic Wall:Blechverkleidung gedämmt,"Stahl, 45-34, Pulverbeschichtung schwarz",3,0.003,0.6939,1.2595,0.0037,130.1216,130.1216,130.1216,0.2013,0.2013,0.2013,130.4121,130.4121,130.4121,0.0,0.0,0.0,441484.0,441484.0,441484.0,40.663,40.663,40.663,453.102,453.102,453.102
cb2d94d550,True,3,Basic Wall:Brandschutzplatte 28mm,IfcWallStandardCase,Basic Wall:Brandschutzplatte 28mm,Gipsfaserplatte,0,0.028,4.9986,9.3225,0.2607,97.5174,132.1305,166.7437,5.7218,5.7703,5.8188,103.0547,137.8712,172.6877,14.0465,16.5135,18.9805,183345.096,228227.208,273109.32,30.6583,121.4601,212.2619,452.2102,612.4625,772.7148
65d0e0c8a6,True,10,Basic Wall:BSP 140 - 5s,IfcWall,Basic Wall:BSP 140 - 5s,Brettschichtholz C24,0,0.14,54.34,120.8568,13.9934,1253.1929,1505.0601,1756.9273,302.2406,302.2406,302.2406,1554.205,1806.0722,2057.9394,2739.8238,2742.8953,2745.9669,4183452.8706,4453749.385,4724045.8994,49206.2518,49605.5535,50004.8552,7371.7231,8385.335,9398.947
ff0022f92c,True,16,Basic Wall:BSP 140 - 5s (2),IfcWallStandardCase,Basic Wall:BSP 140 - 5s,Brettschichtholz C24,0,0.14,24.1715,49.5285,6.9166,619.423,743.9149,868.4068,149.3903,149.3903,149.3903,768.206,892.6979,1017.1898,1354.2288,1355.747,1357.2652,2067779.8194,2201380.865,2334981.9106,24321.4631,24518.8282,24716.1934,3643.6649,4144.6688,4645.6727
325c6f48a0,True,9,Basic Wall:BSP 140 Sichtseite einseitig,IfcWall,Basic Wall:BSP 140 Sichtseite einseitig,Brettsperrholz,0,0.14,27.24,61.2555,7.3126,1371.4196,1371.4196,1371.4196,183.1872,183.1872,183.1872,1553.6131,1553.6131,1553.6131,1434.3592,1434.3592,1434.3592,3345733.878,3345733.878,3345733.878,44057.6837,44057.6837,44057.6837,7221.485,7221.485,7221.485
a5c867b4fd,True,2,Basic Wall:BSP 140 Sichtseite einseitig (2),IfcWallStandardCase,Basic Wall:BSP 140 Sichtseite einseitig,Brettsperrholz,0,0.14,2.37,7.5063,0.9909,185.8354,185.8354,185.8354,24.8229,24.8229,24.8229,210.5236,210.5236,210.5236,194.364,194.364,194.364,453366.477,453366.477,453366.477,5970.0734,5970.0734,5970.0734,978.5534,978.5534,978.5534
369c58d53c,True,2,Basic Wall:Fensterlaibung 24mm,IfcWallStandardCase,Basic Wall:Fensterlaibung 24mm,"Massivholz Fichte, schwarz lasiert",0,0.024,0.44,0.9312,0.0224,0.8789,1.1373,1.3957,0.4062,0.415,0.4237,1.3037,1.5529,1.802,4.4868,4.5922,4.6976,3324.384,4141.2,4958.016,53.0163,58.0166,63.0168,5.193,6.6431,8.0932
6125c4d99e,True,2,Basic Wall:Fensterlaibung 40mm,IfcWallStandardCase,Basic Wall:Fensterlaibung 40mm,"Massivholz Fichte, schwarz lasiert",0,0.04,0.392,0.8664,0.0346,1.3718,1.7638,2.1559,0.5667,0.5971,0.6275,1.9328,2.3581,2.7834,6.5539,6.905,7.2561,6248.76,6953.562,7658.364,97.3384,121.1839,145.0294,6.7864,9.6438,12.5012
031893e96a,True,5,Basic Wall:Gipsfaserplatte Vidiwall 15mm,IfcWallStandardCase,Basic Wall:Gipsfaserplatte Vidiwall 15mm,Gipsfaserplatte,0,0.015,9.0553,16.2994,0.2444,91.4203,123.8692,156.3182,5.3641,5.4095,5.455,96.6113,129.2509,161.8906,13.1683,15.481,17.7938,171881.632,213957.536,256033.44,28.7414,113.8659,198.9905,423.9362,574.1689,724.4016
f17ad5cce9_L1,True,18,Basic Wall:Holzbau_Archisonic_Vorbauschale (L1),IfcWallStandardCase,Basic Wall:Holzbau_Archisonic_Vorbauschale,Archisonic Charcoal,1,0.012,10.7162,25.8666,0.31,181.3469,181.3469,181.3469,21.235,21.235,21.235,202.5819,202.5819,202.5819,84.0906,84.0906,84.0906,329142.5,329142.5,329142.5,1242.2475,1242.2475,1242.2475,949.2045,949.2045,949.2045
f17ad5cce9_L2,True,18,Basic Wall:Holzbau_Archisonic_Vorbauschale (L2),IfcWallStandardCase,Basic Wall:Holzbau_Archisonic_Vorbauschale,MDF,2,0.012,10.7162,25.8666,0.31,181.3469,181.3469,181.3469,21.235,21.235,21.235,202.5819,202.5819,202.5819,84.0906,84.0906,84.0906,329142.5,329142.5,329142.5,1242.2475,1242.2475,1242.2475,949.2045,949.2045,949.2045
78593db8a4_L1,True,3,Basic Wall:Holzfassade hinterlüftet (L1),IfcWall,Basic Wall:Holzfassade hinterlüftet,"Holzschalung Vertikal, Nadelholz,  schwarz gestrichen",1,0.02,30.32,73.646,1.0979,43.0778,55.7439,68.4101,19.9104,20.3386,20.7668,63.8978,76.1092,88.3206,219.9149,225.0805,230.2461,162939.339,202974.2625,243009.186,2598.5097,2843.5885,3088.6672,254.5262,325.6015,396.6768
78593db8a4_L2,True,3,Basic Wall:Holzfassade hinterlüftet (L2),IfcWall,Basic Wall:Holzfassade hinterlüftet,Luft,2,0.03,30.32,73.646,1.6468,not matched,not matched,not matched,not matched,not matched,not matched,not matched,not matched,not matched,not matched,not matched,not matched,not matched,not matched,not matched,not matched,not matched,not matched,not matched,not matched,not matched
78593db8a4_L3,True,3,Basic Wall:Holzfassade hinterlüftet (L3),IfcWall,Basic Wall:Holzfassade hinterlüftet,Luft,3,0.04,30.32,73.646,2.1957,not matched,not matched,not matched,not matched,not matched,not matched,not matched,not matched,not matched,not matched,not matched,not matched,not matched,not matched,not matched,not matched,not matched,not matched,not matched,not matched,not matched
ff0919332f,True,5,Basic Wall:Holzfassade_Hinterlüftet_Laibung,IfcWallStandardCase,Basic Wall:Holzfassade_Hinterlüftet_Laibung,"Holzschalung Vertikal, Nadelholz,  schwarz gestrichen",0,0.02,5.1492,16.3305,0.3234,12.6891,16.4201,20.1511,5.8649,5.991,6.1171,18.8219,22.4189,26.0159,64.7786,66.3002,67.8218,47995.794,59788.575,71581.356,765.4231,837.614,909.805,74.9738,95.9099,116.846
5376ff48b3,True,4,Basic Wall:Holzfassade_Hinterlüftet_Laibung (2),IfcWall,Basic Wall:Holzfassade_Hinterlüftet_Laibung,"Holzschalung Vertikal, Nadelholz,  schwarz gestrichen",0,0.02,23.516,0.0476,0.242,9.4952,12.2871,15.079,4.3887,4.4831,4.5774,14.0844,16.7761,19.4677,48.4738,49.6124,50.751,35915.22,44739.75,53564.28,572.7656,626.786,680.8065,56.1029,71.7694,87.4358
dfff60526d,True,3,Basic Wall:Holzfassade_Hinterlüftet_OhneUK,IfcWallStandardCase,Basic Wall:Holzfassade_Hinterlüftet_OhneUK,"Holzschalung Vertikal, Nadelholz,  schwarz gestrichen",0,0.021,2.9335,6.1872,0.1295,5.0811,6.5751,8.0691,2.3485,2.399,2.4495,7.5369,8.9772,10.4176,25.9395,26.5488,27.1581,19219.095,23941.3125,28663.53,306.5006,335.4083,364.3159,30.022,38.4055,46.789
7b9763d32a_L1,True,30,Basic Wall:Innenwandelement Archisonic abnehmbar (L1),IfcWallStandardCase,Basic Wall:Innenwandelement Archisonic abnehmbar,Archisonic Charcoal,1,0.012,16.7907,33.5067,0.4016,not matched,not matched,not matched,not matched,not matched,not matched,not matched,not matched,not matched,not matched,not matched,not matched,not matched,not matched,not matched,not matched,not matched,not matched,not matched,not matched,not matched
7b9763d32a_L2,True,30,Basic Wall:Innenwandelement Archisonic abnehmbar (L2),IfcWallStandardCase,Basic Wall:Innenwandelement Archisonic abnehmbar,MDF,2,0.012,16.7907,33.5067,0.4016,234.932,234.932,234.932,27.5096,27.5096,27.5096,262.4416,262.4416,262.4416,108.938,108.938,108.938,426398.8,426398.8,426398.8,1609.3116,1609.3116,1609.3116,1229.6791,1229.6791,1229.6791
3ece908374_L1,True,7,Basic Wall:Innenwandelement Archisonic abnehmbar mit Einschnitten (L1),IfcWallStandardCase,Basic Wall:Innenwandelement Archisonic abnehmbar mit Einschnitten,Archisonic Charcoal,1,0.012,4.6225,8.9557,0.1064,not matched,not matched,not matched,not matched,not matched,not matched,not matched,not matched,not matched,not matched,not matched,not matched,not matched,not matched,not matched,not matched,not matched,not matched,not matched,not matched,not matched
3ece908374_L2,True,7,Basic Wall:Innenwandelement Archisonic abnehmbar mit Einschnitten (L2),IfcWallStandardCase,Basic Wall:Innenwandelement Archisonic abnehmbar mit Einschnitten,MDF,2,0.012,4.6225,8.9557,0.1064,62.2429,62.2429,62.2429,7.2884,7.2884,7.2884,69.5313,69.5313,69.5313,28.8621,28.8621,28.8621,112970.2,112970.2,112970.2,426.3714,426.3714,426.3714,325.7915,325.7915,325.7915
75d64ea952_L1,True,7,Basic Wall:Innenwandelement Archisonic fix (L1),IfcWallStandardCase,Basic Wall:Innenwandelement Archisonic fix,Archisonic Charcoal,1,0.012,3.7362,7.6364,0.0788,not matched,not matched,not matched,not matched,not matched,not matched,not matched,not matched,not matched,not matched,not matched,not matched,not matched,not matched,not matched,not matched,not matched,not matched,not matched,not matched,not matched
75d64ea952_L2,True,7,Basic Wall:Innenwandelement Archisonic fix (L2),IfcWallStandardCase,Basic Wall:Innenwandelement Archisonic fix,MDF,2,0.012,3.7362,7.6364,0.0788,46.0972,46.0972,46.0972,5.3978,5.3978,5.3978,51.495,51.495,51.495,21.3753,21.3753,21.3753,83665.9,83665.9,83665.9,315.7713,315.7713,315.7713,241.2817,241.2817,241.2817
6621a241af_L1,True,10,Basic Wall:Innenwandelement Archisonic fix ohne Einschnitte (L1),IfcWallStandardCase,Basic Wall:Innenwandelement Archisonic fix ohne Einschnitte,Archisonic Charcoal,1,0.012,5.5027,10.4326,0.125,not matched,not matched,not matched,not matched,not matched,not matched,not matched,not matched,not matched,not matched,not matched,not matched,not matched,not matched,not matched,not matched,not matched,not matched,not matched,not matched,not matched
6621a241af_L2,True,10,Basic Wall:Innenwandelement Archisonic fix ohne Einschnitte (L2),IfcWallStandardCase,Basic Wall:Innenwandelement Archisonic fix ohne Einschnitte,MDF,2,0.012,5.5027,10.4326,0.125,73.1238,73.1238,73.1238,8.5625,8.5625,8.5625,81.6863,81.6863,81.6863,33.9075,33.9075,33.9075,132718.75,132718.75,132718.75,500.9062,500.9062,500.9062,382.7437,382.7437,382.7437
f3de7c9098,True,18,Basic Wall:Innenwandelement Archisonic ohne MDF,IfcWallStandardCase,Basic Wall:Innenwandelement Archisonic ohne MDF,Archisonic Charcoal,0,0.012,17.6819,11.7994,0.1417,not matched,not matched,not matched,not matched,not matched,not matched,not matched,not matched,not matched,not matched,not matched,not matched,not matched,not matched,not matched,not matched,not matched,not matched,not matched,not matched,not matched
d372e74286,True,11,Basic Wall:KVH Balken 120mm,IfcWallStandardCase,Basic Wall:KVH Balken 120mm,Brettschichtholz C24,0,0.12,43.933,9.3071,1.1024,98.7265,118.5686,138.4107,23.8105,23.8105,23.8105,122.4403,142.2824,162.1245,215.8433,216.0853,216.3273,329572.4016,350866.36,372160.3184,3876.4683,3907.9253,3939.3823,580.7443,660.5966,740.449
6f5992e3c2,True,4,Basic Wall:Massivholz 24mm,IfcWallStandardCase,Basic Wall:Massivholz 24mm,Massivholz Fichte,0,0.024,0.3678,0.9548,0.0231,0.9064,1.1729,1.4394,0.4189,0.4279,0.4369,1.3444,1.6014,1.8583,4.627,4.7357,4.8444,3428.271,4270.6125,5112.954,54.6731,59.8296,64.9861,5.3553,6.8507,8.3461
795c75da48,True,5,Basic Wall:Purenit Fusspunkt,IfcWall,Basic Wall:Purenit Fusspunkt,Purenit,0,0.025,27.69,7.5912,0.1765,not matched,not matched,not matched,not matched,not matched,not matched,not matched,not matched,not matched,not matched,not matched,not matched,not matched,not matched,not matched,not matched,not matched,not matched,not matched,not matched,not matched
6bc3c88965,True,4,Basic Wall:Purenit Fusspunkt (2),IfcWallStandardCase,Basic Wall:Purenit Fusspunkt,Purenit,0,0.025,2.6511,0.9442,0.0235,not matched,not matched,not matched,not matched,not matched,not matched,not matched,not matched,not matched,not matched,not matched,not matched,not matched,not matched,not matched,not matched,not matched,not matched,not matched,not matched,not matched
c7d2a47639,True,5,Basic Wall:PV Fassade Terasse,IfcWallStandardCase,Basic Wall:PV Fassade Terasse,Körpermodell,0,0.008,6.1,18.3854,0.1471,87.3307,1597.2316,3107.1326,18.1832,129.516,240.8487,105.5322,1725.8375,3346.1428,0.0,0.0,0.0,202239.4,3125518.0,6048796.6,37.5062,691.6588,1345.8113,485.3746,6705.1554,12924.9362
23b6fd65cb_L1,True,4,Basic Wall:Wärmedämmung_200 (L1),IfcWallStandardCase,Basic Wall:Wärmedämmung_200,"Wärmedämmung Mineralwolle, 0.035 W/mK",1,0.1,12.5475,19.415,1.925,72.765,99.0432,125.3214,3.9886,6.8946,9.8006,76.8075,105.9481,135.0888,0.0,0.0,0.0,138792.5,181970.25,225148.0,21.3579,147.2577,273.1575,396.8388,465.7826,534.7265
23b6fd65cb_L2,True,4,Basic Wall:Wärmedämmung_200 (L2),IfcWallStandardCase,Basic Wall:Wärmedämmung_200,"Wärmedämmung Mineralwolle, 0.035 W/mK",2,0.1,12.5475,19.415,1.925,72.765,99.0432,125.3214,3.9886,6.8946,9.8006,76.8075,105.9481,135.0888,0.0,0.0,0.0,138792.5,181970.25,225148.0,21.3579,147.2577,273.1575,396.8388,465.7826,534.7265
0087876720_L1,True,6,Basic Wall:Wärmedämmung_200 (2) (L1),IfcWall,Basic Wall:Wärmedämmung_200,"Wärmedämmung Mineralwolle, 0.035 W/mK",1,0.1,29.77,85.4521,6.6759,252.349,343.4817,434.6144,13.8325,23.9104,33.9883,266.3684,367.4282,468.488,0.0,0.0,0.0,481332.39,631072.827,780813.264,74.0691,510.6897,947.3102,1376.2368,1615.3341,1854.4315
0087876720_L2,True,6,Basic Wall:Wärmedämmung_200 (2) (L2),IfcWall,Basic Wall:Wärmedämmung_200,"Wärmedämmung Mineralwolle, 0.035 W/mK",2,0.1,29.77,85.4521,6.6759,252.349,343.4817,434.6144,13.8325,23.9104,33.9883,266.3684,367.4282,468.488,0.0,0.0,0.0,481332.39,631072.827,780813.264,74.0691,510.6897,947.3102,1376.2368,1615.3341,1854.4315
f9691ec733,True,3,Basic Wall:Wärmedämmung_Mineralwolle_130,IfcWall,Basic Wall:Wärmedämmung_Mineralwolle_130,"Wärmedämmung Mineralwolle, 0.035 W/mK",0,0.13,10.8,4.996,0.6223,29.8629,35.188,40.513,3.1683,3.1683,3.1683,33.0205,38.3455,43.6705,0.0,0.0,0.0,58869.58,65826.894,72784.208,88.3044,97.9376,107.5708,136.4704,154.6664,172.8625
f072382038,True,2,Basic Wall:Wärmedämmung_Mineralwolle_130 (2),IfcWallStandardCase,Basic Wall:Wärmedämmung_Mineralwolle_130,"Wärmedämmung Mineralwolle, 0.035 W/mK",0,0.13,8.325,2.6788,0.3483,16.7142,19.6946,22.675,1.7733,1.7733,1.7733,18.4815,21.4619,24.4423,0.0,0.0,0.0,32949.18,36843.174,40737.168,49.4238,54.8154,60.2071,76.3822,86.5665,96.7508
524838fce2,True,2,Basic Wall:Wärmedämmung_Mineralwolle_20,IfcWallStandardCase,Basic Wall:Wärmedämmung_Mineralwolle_20,"Wärmedämmung Mineralwolle, 0.035 W/mK",0,0.02,1.9515,5.4133,0.1081,5.1875,6.1125,7.0375,0.5504,0.5504,0.5504,5.736,6.661,7.586,0.0,0.0,0.0,10226.26,11434.818,12643.376,15.3394,17.0128,18.6862,23.7063,26.8671,30.028
c923413f81,True,2,Basic Wall:Wärmedämmung_Mineralwolle_90,IfcWallStandardCase,Basic Wall:Wärmedämmung_Mineralwolle_90,"Wärmedämmung Mineralwolle, 0.035 W/mK",0,0.09,20.986,10.228,0.92,34.776,47.3349,59.8938,1.9062,3.2951,4.6839,36.708,50.6349,64.5619,0.0,0.0,0.0,66332.0,86967.6,107603.2,10.2074,70.3777,130.548,189.658,222.6078,255.5576
c28b42ec07,True,73,BSH Stütze - rechteckig:KVH 60 x 60,IfcColumn,BSH Stütze - rechteckig:KVH 60 x 60,Holz Brettschicht - C24 Cl.1,0,,153.27,9.1962,0.5536,49.5782,59.5425,69.5067,11.9571,11.9571,11.9571,61.4867,71.451,81.4152,108.3916,108.5131,108.6346,165503.7024,176197.04,186890.3776,1946.6735,1962.4705,1978.2675,291.6365,331.7365,371.8365
19942f0dfa,True,3,BSH Träger - rechteckig:Holz 140 x 240,IfcBeam,BSH Träger - rechteckig:Holz 140 x 240,Brettschichtholz C24,0,,15.357,3.6192,0.5053,45.2526,54.3475,63.4424,10.9139,10.9139,10.9139,56.1222,65.2171,74.3119,98.9347,99.0456,99.1565,151063.9827,160824.3575,170584.7323,1776.8319,1791.2506,1805.6693,266.192,302.7935,339.3949
32bb5170ae,True,2,Einlauf Contec Tube:DN75,IfcBuildingElementProxy,Einlauf Contec Tube:DN75,3D-Schnittmaterial,0,,0.54,0.1296,0.0006,1.3104,1.6477,1.9849,1.294,1.5227,1.7514,2.6099,3.1773,3.7447,0.0,0.0,0.0,3303.3,4253.73,5204.16,0.2337,0.3862,0.5388,12.3942,14.3286,16.263
448caec44f,True,7,"Fenster Forster Unico:Kippfenster mit Kettenantrieb, Sage Glas",IfcWindow,"Fenster Forster Unico:Kippfenster mit Kettenantrieb, Sage Glas",Unknown,0,,8.89,6.1341,0.363,249.6579,440.7351,631.8123,22.0828,37.9701,53.8574,271.7406,476.3128,680.8851,0.0,0.0,0.0,433680.87,784244.685,1134808.5,64.4081,143.5379,222.6678,1024.3947,1935.3086,2846.2224
81201c5ae7,True,4,"Fenster Forster Unico:Kippfenster mit Kettenantrieb, Sage Glas (2)",IfcWindow,"Fenster Forster Unico:Kippfenster mit Kettenantrieb, Sage Glas",<Unnamed>,0,,0.0,0.0,0.0,0.0,0.0,0.0,0.0,0.0,0.0,0.0,0.0,0.0,0.0,0.0,0.0,0.0,0.0,0.0,0.0,0.0,0.0,0.0,0.0,0.0
734607c530,True,5,Floor:3-Schichplatte 19mm,IfcSlab,Floor:3-Schichplatte 19mm,3-Schicht-Platte,0,0.019,13.18,8.3574,0.1512,28.3564,28.3564,28.3564,3.7877,3.7877,3.7877,32.1235,32.1235,32.1235,29.6577,29.6577,29.6577,69178.536,69178.536,69178.536,910.9649,910.9649,910.9649,149.316,149.316,149.316
d648f1c1c4,True,2,Floor:3-Schichtplatte 27mm B/C Rinnen,IfcSlab,Floor:3-Schichtplatte 27mm B/C Rinnen,3-Schicht-Platte,0,0.027,5.21,1.9345,0.0521,9.7709,9.7709,9.7709,1.3052,1.3052,1.3052,11.069,11.069,11.069,10.2194,10.2194,10.2194,23837.313,23837.313,23837.313,313.8973,313.8973,313.8973,51.4508,51.4508,51.4508
38ad939f44,True,2,Floor:3-Schichtplatte 27mm B/C Rinnen (2),IfcSlab,Floor:3-Schichtplatte 27mm B/C Rinnen,3-Schicht-Platte,0,,10.56,5.742,0.1493,28.0,28.0,28.0,3.7401,3.7401,3.7401,31.7198,31.7198,31.7198,29.285,29.285,29.285,68309.229,68309.229,68309.229,899.5176,899.5176,899.5176,147.4397,147.4397,147.4397
bea71849e1,True,3,Floor:Betonauflager,IfcSlab,Floor:Betonauflager,Beton,0,0.29,4.56,4.0436,1.1225,181.5655,215.6165,249.6676,31.8625,32.2754,32.6884,213.428,248.2781,283.1282,6.2461,37.3558,68.4655,326211.072,394755.861,463300.65,36.4143,801.9574,1567.5005,450.1207,514.6232,579.1258
09f7047f0a_L1,True,2,Floor:Dachaufbau Brüstung Dämmung (L1),IfcSlab,Floor:Dachaufbau Brüstung Dämmung,"Wärmedämmung Mineralwolle, 0.035 W/mK",1,0.1,23.15,18.5772,1.7711,66.9476,91.1249,115.3022,3.6697,6.3434,9.017,70.6669,97.4778,124.2887,0.0,0.0,0.0,127696.31,167422.083,207147.856,19.6504,135.4847,251.3191,365.1123,428.5443,491.9762
09f7047f0a_L2,True,2,Floor:Dachaufbau Brüstung Dämmung (L2),IfcSlab,Floor:Dachaufbau Brüstung Dämmung,"Wärmedämmung Mineralwolle, 0.035 W/mK",2,0.1,23.15,18.5772,1.7711,66.9476,91.1249,115.3022,3.6697,6.3434,9.017,70.6669,97.4778,124.2887,0.0,0.0,0.0,127696.31,167422.083,207147.856,19.6504,135.4847,251.3191,365.1123,428.5443,491.9762
c3b0cb3f28,True,3,Floor:Dachaufbau Brüstung Galerie,IfcSlab,Floor:Dachaufbau Brüstung Galerie,Unknown,0,,23.45,16.0204,1.2768,72.252,189.1208,305.9896,8.2345,51.057,93.8795,166.6122,240.306,313.9998,0.0,0.0,0.0,411724.28,764173.08,1116621.88,28.5163,216.1152,403.7141,487.0202,1396.9789,2306.9376
d20d68a4b7_L1,True,3,Floor:Dämmung Galerie (L1),IfcSlab,Floor:Dämmung Galerie,"Wärmedämmung Mineralwolle, 0.035 W/mK",1,0.1,10.5,7.2514,0.6289,30.1797,35.5611,40.9426,3.2019,3.2019,3.2019,33.3707,38.7522,44.1337,0.0,0.0,0.0,59493.94,66525.042,73556.144,89.2409,98.9763,108.7117,137.9178,156.3068,174.6958
d20d68a4b7_L2,True,3,Floor:Dämmung Galerie (L2),IfcSlab,Floor:Dämmung Galerie,"Wärmedämmung Mineralwolle, 0.035 W/mK",2,0.1,10.5,7.2514,0.6289,23.7724,32.3575,40.9426,1.3031,2.2525,3.2019,25.0931,34.6134,44.1337,0.0,0.0,0.0,45343.69,59449.917,73556.144,6.9776,48.1092,89.2409,129.6477,152.1717,174.6958
7f5669cfcb,True,3,Floor:Fensterbank 40mm,IfcSlab,Floor:Fensterbank 40mm,"Holzschalung Horizontal, Nadelholz,  schwarz gestrichen",0,0.04,11.0,2.775,0.0986,3.8687,5.0062,6.1438,1.7881,1.8266,1.865,5.7385,6.8352,7.9319,19.7501,20.214,20.6779,14633.226,18228.675,21824.124,233.3665,255.3764,277.3864,22.8584,29.2415,35.6247
50141ec7a2_L1,True,2,Floor:Funicular Floor (L1),IfcSlab,Floor:Funicular Floor,Spachtelmasse Boden,1,0.01,10.43,51.2144,0.4214,191.9056,364.7807,537.6558,5.887,7.4123,8.9375,197.468,372.1362,546.8044,0.0,0.0,0.0,295738.52,636967.17,978195.82,71.3852,93.0472,114.7093,746.2994,1833.4061,2920.5127
50141ec7a2_L2,True,2,Floor:Funicular Floor (L2),IfcSlab,Floor:Funicular Floor,"Beton, Ortbeton",2,0.35000000000000003,10.43,51.2144,14.7491,2385.6823,2833.0959,3280.5096,418.6573,424.0837,429.51,2804.3396,3262.2526,3720.1655,82.0701,490.8369,899.6037,4286253.6499,5186898.5919,6087543.534,478.4655,10537.3272,20596.189,5914.3655,6761.8975,7609.4294
d43d337978,True,2,Floor:OSB 22mm,IfcSlab,Floor:OSB 22mm,OSB,0,0.022,11.01,57.1101,1.0376,303.2023,303.2023,303.2023,50.0943,50.0943,50.0943,353.4221,353.4221,353.4221,278.7201,278.7201,278.7201,646580.44,646580.44,646580.44,5185.1985,5185.1985,5185.1985,1701.1971,1701.1971,1701.1971
763e457390,True,2,Floor:OSB 25mm,IfcSlab,Floor:OSB 25mm,OSB,0,0.025,10.77,55.7034,1.1662,340.7811,340.7811,340.7811,56.303,56.303,56.303,397.2252,397.2252,397.2252,313.2646,313.2646,313.2646,726717.53,726717.53,726717.53,5827.8513,5827.8513,5827.8513,1912.0432,1912.0432,1912.0432
01982f91ae,True,2,Floor:Perimeterdämmung,IfcSlab,Floor:Perimeterdämmung,Wärmedämmung XPS,0,0.08,6.93,6.93,0.555,73.6713,137.1796,200.688,54.8784,56.8506,58.8228,132.494,194.119,255.744,0.0,0.0,0.0,169044.12,259458.06,349872.0,11.917,18.9985,26.08,485.4307,503.7874,522.144
0a91634d5e,True,10,Holz Träger - rechteckig:Alu Eurotec 40 x 60,IfcBeam,Holz Träger - rechteckig:Alu Eurotec 40 x 60,Aluminum - Flat - Version 1.1,0,,45.703,2.7258,0.1088,778.5075,1221.9056,1665.3037,2.318,2.318,2.318,781.4342,1224.8323,1668.2304,0.0,0.0,0.0,3365728.0,3541331.2,3716934.4,1246.7827,1394.582,1542.3814,2598.9274,5045.6653,7492.4032
4d32a54e8e,True,2,Holz Träger - rechteckig:Holz 60 x 200,IfcBeam,Holz Träger - rechteckig:Holz 60 x 200,Holz - C 24 Cl.1,0,,4.358,0.9592,0.0575,2.8724,4.4947,6.1171,1.0876,1.0966,1.1056,3.96,5.5901,7.2202,11.2815,11.3995,11.5175,10736.6875,14004.9587,17273.23,142.5051,175.0423,207.5796,17.6528,24.3698,31.0868
33340139eb,True,15,Pfosten rechteckig:Forster 60 x 130 - Nur Pfosten,IfcMember,Pfosten rechteckig:Forster 60 x 130 - Nur Pfosten,"Stahl, 45-34, Pulverbeschichtung schwarz",0,,5.5848,0.728,0.0435,249.2767,249.2767,249.2767,2.3664,2.3664,2.3664,251.6671,251.6671,251.6671,0.0,0.0,0.0,440502.75,440502.75,440502.75,87.0761,87.0761,87.0761,1154.1855,1154.1855,1154.1855
741d9c7f22,True,115,Pfosten rechteckig:Forster 60 x 130,IfcMember,Pfosten rechteckig:Forster 60 x 130,"Stahl, 45-34, Pulverbeschichtung schwarz",0,,70.538,15.3604,0.7284,4174.0962,4174.0962,4174.0962,39.6253,39.6253,39.6253,4214.1218,4214.1218,4214.1218,0.0,0.0,0.0,7376142.6,7376142.6,7376142.6,1458.0747,1458.0747,1458.0747,19326.6372,19326.6372,19326.6372
883fcab506,True,14,Pfosten rechteckig:Forster 60 x 90 - Nur Pfosten,IfcMember,Pfosten rechteckig:Forster 60 x 90 - Nur Pfosten,"Stahl, 45-34, Pulverbeschichtung schwarz",0,,7.1134,0.6399,0.039,223.4895,223.4895,223.4895,2.1216,2.1216,2.1216,225.6325,225.6325,225.6325,0.0,0.0,0.0,394933.5,394933.5,394933.5,78.0682,78.0682,78.0682,1034.787,1034.787,1034.787
cc9b440faa,True,62,Pfosten rechteckig:Forster 60 x 90,IfcMember,Pfosten rechteckig:Forster 60 x 90,"Stahl, 45-34, Pulverbeschichtung schwarz",0,,66.5142,11.169,0.5121,2934.5891,2934.5891,2934.5891,27.8585,27.8585,27.8585,2962.7289,2962.7289,2962.7289,0.0,0.0,0.0,5185780.65,5185780.65,5185780.65,1025.0962,1025.0962,1025.0962,13587.5493,13587.5493,13587.5493
75762e6adc,True,85,Pfosten rechteckig:ForsterUnico,IfcMember,Pfosten rechteckig:ForsterUnico,"Stahl, 45-34, Pulverbeschichtung schwarz",0,,52.9938,4.2576,0.1922,1101.4021,1101.4021,1101.4021,10.4558,10.4558,10.4558,1111.9635,1111.9635,1111.9635,0.0,0.0,0.0,1946313.3,1946313.3,1946313.3,384.7364,384.7364,384.7364,5099.6426,5099.6426,5099.6426
c658e6abba,True,2,Rohranschluss_Technikschnttelle_Nest:HEI - Rücklauf,IfcBuildingElementProxy,Rohranschluss_Technikschnttelle_Nest:HEI - Rücklauf,3D-Schnittmaterial,0,,0.38,0.0152,0.0006,1.3104,1.6477,1.9849,1.294,1.5227,1.7514,2.6099,3.1773,3.7447,0.0,0.0,0.0,3303.3,4253.73,5204.16,0.2337,0.3862,0.5388,12.3942,14.3286,16.263
029ca384e1,True,2,Rohranschluss_Technikschnttelle_Nest:HEI - Vorlauf,IfcBuildingElementProxy,Rohranschluss_Technikschnttelle_Nest:HEI - Vorlauf,3D-Schnittmaterial,0,,0.32,0.0128,0.0005,1.092,1.3731,1.6541,1.0784,1.269,1.4595,2.1749,2.6478,3.1206,0.0,0.0,0.0,2752.75,3544.775,4336.8,0.1947,0.3219,0.449,10.3285,11.9405,13.5525
e610cae9a2,True,7,Systemelement:Contraflam EI30,IfcPlate,Systemelement:Contraflam EI30,Glas EI30,0,,9.89,10.1643,0.4554,413.687,730.3049,1046.9229,36.5915,62.9171,89.2426,450.2785,789.2579,1128.2373,0.0,0.0,0.0,718616.01,1299505.755,1880395.5,106.7252,237.8447,368.9641,1697.4381,3206.8367,4716.2352
e3b11c95ba,True,29,Systemelement:Dämmelement,IfcPlate,Systemelement:Dämmelement,Wärmedämmung druckfest,0,,36.11,16.6486,0.3329,15.9752,68.1759,120.3766,1.6949,17.306,32.9172,17.6643,85.5323,153.4003,0.0,0.0,0.0,31492.34,120676.25,209860.16,7.148,32.3466,57.5451,73.005,193.0986,313.1923
5e3171c413,True,12,Systemelement:SageGlass VSG,IfcPlate,Systemelement:SageGlass VSG,Glas SageGlassClimatop,0,,22.4,29.991,1.5586,5068.479,5068.479,5068.479,392.8821,392.8821,392.8821,5458.362,5458.362,5458.362,0.0,0.0,0.0,9867039.0,9867039.0,9867039.0,2195.3412,2195.3412,2195.3412,21083.673,21083.673,21083.673
2fc8bbc0c1,True,26,Systemelement:SageGlass VSG Sonderform,IfcPlate,Systemelement:SageGlass VSG Sonderform,Glas SageGlassClimatop,0,,40.03,43.7504,1.7642,7393.8176,7393.8176,7393.8176,573.1302,573.1302,573.1302,7962.5728,7962.5728,7962.5728,0.0,0.0,0.0,14393881.6,14393881.6,14393881.6,3202.5293,3202.5293,3202.5293,30756.5312,30756.5312,30756.5312
f235024de1,True,2,TU DF 1 - Pfostenstock Falztüre:DL - 900 x 2130,IfcDoor,TU DF 1 - Pfostenstock Falztüre:DL - 900 x 2130,Unknown,0,,4.7,4.982,0.2155,134.0158,458.0949,782.174,26.853,35.1231,43.3932,160.9186,493.9653,827.012,0.0,30.8884,61.7768,321339.0,947825.5,1574312.0,518.128,772.21,1026.292,702.462,2149.733,3597.004
07OV_Qt_vCaPpDtuenC0bv,False,1,1072_200731_Funicular Floors Vorspannung 3D_kg.3dm:1072_200731_Funicular Floors Vorspannung 3D_kg.3dm:6206686,IfcBuildingElementProxy,1072_200731_Funicular Floors Vorspannung 3D_kg.3dm:1072_200731_Funicular Floors Vorspannung 3D_kg.3dm,Unknown,0,,15.83,83.7407,0.0122,1.9734,2.3434,2.7135,0.3463,0.3508,0.3553,2.3197,2.6985,3.0772,0.0679,0.406,0.7441,3545.4566,4290.4423,5035.428,0.3958,8.7162,17.0365,4.8922,5.5932,6.2943
3F0C$S43P1ZRg2TjWrCk52,False,1,1072_210525_TreppeInnenRevitExport_MK:1072_210525_TreppeInnenRevitExport_MK:7935324,IfcBuildingElementProxy,1072_210525_TreppeInnenRevitExport_MK:1072_210525_TreppeInnenRevitExport_MK,Unknown,0,,0.0,0.0,0.0,not matched,not matched,not matched,not matched,not matched,not matched,not matched,not matched,not matched,not matched,not matched,not matched,not matched,not matched,not matched,not matched,not matched,not matched,not matched,not matched,not matched
2P1Lw8yun3pBsrFxTc_j0l,False,1,1072_210621_HiLo_Aussengeländer West_mk:1072_210621_HiLo_Aussengeländer West_mk:7935201,IfcBuildingElementProxy,1072_210621_HiLo_Aussengeländer West_mk:1072_210621_HiLo_Aussengeländer West_mk,Unknown,0,,3.15,3.024,0.0091,not matched,not matched,not matched,not matched,not matched,not matched,not matched,not matched,not matched,not matched,not matched,not matched,not matched,not matched,not matched,not matched,not matched,not matched,not matched,not matched,not matched
2P1Lw8yun3pBsrFxTc_j79,False,1,1072_211122_HiLo_TerrasseExportPletscher_MK_001:1072_211122_HiLo_TerrasseExportPletscher_MK_001:7935239,IfcBuildingElementProxy,1072_211122_HiLo_TerrasseExportPletscher_MK_001:1072_211122_HiLo_TerrasseExportPletscher_MK_001,Unknown,0,,13.23,166.4334,7.54,not matched,not matched,not matched,not matched,not matched,not matched,not matched,not matched,not matched,not matched,not matched,not matched,not matched,not matched,not matched,not matched,not matched,not matched,not matched,not matched,not matched
0JcKt5yGn6Lx0h6cIR0YC$,False,1,181012_1072_HiLoextendedshapePanelsWiresOnly_rok_MK.3dm:181012_1072_HiLoextendedshapePanelsWiresOnly_rok_MK.3dm:3205382,IfcRoof,181012_1072_HiLoextendedshapePanelsWiresOnly_rok_MK.3dm:181012_1072_HiLoextendedshapePanelsWiresOnly_rok_MK.3dm,<Unnamed>,0,,0.01,0.0001,0.0,0.0,0.0,0.0,0.0,0.0,0.0,0.0,0.0,0.0,0.0,0.0,0.0,0.0,0.0,0.0,0.0,0.0,0.0,0.0,0.0,0.0
2yJbbEqSPDc8j9KFU1qo7s,False,1,2021-Hilo_ASF_Construction v9_003:2021-Hilo_ASF_Construction v9_003:6549949,IfcBuildingElementProxy,2021-Hilo_ASF_Construction v9_003:2021-Hilo_ASF_Construction v9_003,<Unnamed>,0,,0.0,9.256,0.0561,not matched,not matched,not matched,not matched,not matched,not matched,not matched,not matched,not matched,not matched,not matched,not matched,not matched,not matched,not matched,not matched,not matched,not matched,not matched,not matched,not matched
3CfkjHPHr7huZjPEhmDFd6,False,1,Abzug Sprinkler:Abzug Sprinkler:5700206,IfcBuildingElementProxy,Abzug Sprinkler:Abzug Sprinkler,Körpermodell,0,,0.19,0.0095,0.0004,not matched,not matched,not matched,not matched,not matched,not matched,not matched,not matched,not matched,not matched,not matched,not matched,not matched,not matched,not matched,not matched,not matched,not matched,not matched,not matched,not matched
34GTDrn6T9bPcoCQwImKAw,False,1,Anschlussgeometrie_FunicularFloorLueftung:Anschlussgeometrie_FunicularFloorLueftung:6210148,IfcBuildingElementProxy,Anschlussgeometrie_FunicularFloorLueftung:Anschlussgeometrie_FunicularFloorLueftung,Unknown,0,,2.12,0.1696,0.0016,not matched,not matched,not matched,not matched,not matched,not matched,not matched,not matched,not matched,not matched,not matched,not matched,not matched,not matched,not matched,not matched,not matched,not matched,not matched,not matched,not matched
0AUqYOipD7ohrIsOnF3NOk,False,1,Assembled Stair:Stair:1458173 Landing 1,IfcSlab,Non-Monolithic Landing:Podest - nicht massiv,Stahl,0,,0.96,0.2208,0.0022,12.6071,12.6071,12.6071,0.1197,0.1197,0.1197,12.728,12.728,12.728,0.0,0.0,0.0,22278.3,22278.3,22278.3,4.4039,4.4039,4.4039,58.3726,58.3726,58.3726
0AUqYOipD7ohrIsOnF3NTs,False,1,Assembled Stair:Stair:1458173 Run 1,IfcStairFlight,Non-Monolithic Run:Stahlstufen gefaltet,Stahl,0,,3.915,4.6944,0.0656,375.9208,906.3296,1436.7384,3.5687,3.5687,3.5687,379.5255,910.7067,1441.888,0.0,0.0,0.0,664298.4,1686494.0,2708689.6,131.3148,227.3548,323.3949,1740.5648,2878.6264,4016.688
3R$9pJGeb6MgJpHJQymJSF,False,1,Atikkabrett:Atikkabrett:6717985,IfcSlab,Atikkabrett:Atikkabrett,Massivholz,0,,18.35,116.706,0.1636,6.4864,8.3401,10.1939,2.6798,2.8234,2.9669,9.1387,11.1498,13.1608,30.9891,32.6492,34.3094,29546.16,32878.692,36211.224,460.2477,572.9968,685.7458,32.0885,45.599,59.1095
3R$9pJGeb6MgJpHJQymSjh,False,1,Attika Abdeckung:Attika Abdeckung:6716997,IfcSlab,Attika Abdeckung:Attika Abdeckung,Unknown,0,,8.83,34.6136,0.0719,132.0084,136.3051,140.6019,1.7083,1.8849,2.0615,133.3026,137.983,142.6634,0.0,0.0,0.0,195424.2,205289.4552,215154.7104,80.2404,81.2635,82.2867,354.6775,366.292,377.9064
1lNlPQ7XT5RQ2wbJSTuGUj,False,1,Attikablech Galerie Südost:Attikablech Galerie Südost:6350725,IfcWall,Attikablech Galerie Südost:Attikablech Galerie Südost,Unknown,0,,5.51,3.1958,0.0049,73.4182,150.3229,227.2277,0.1044,0.1863,0.2683,73.55,150.5824,227.6148,0.0,0.0,0.0,164762.5,333996.25,503230.0,68.9366,86.5333,104.1299,326.8888,595.0609,863.233
1lNlPQ7XT5RQ2wbJSTuGdX,False,1,Attikablech Galerie Südwest:Attikablech Galerie Südwest:6351305,IfcWall,Attikablech Galerie Südwest:Attikablech Galerie Südwest,Unknown,0,,8.85,35.8425,0.0097,145.338,297.5781,449.8181,0.2067,0.3689,0.531,145.5989,298.0917,450.5844,0.0,0.0,0.0,326162.5,661176.25,996190.0,136.4664,171.3005,206.1347,647.1064,1177.9777,1708.849
3R$9pJGeb6MgJpHJQymJTA,False,1,Attikabrett:Attikabrett:6718052,IfcSlab,Attikabrett:Attikabrett,Unknown,0,,5.5,3.3,0.0367,not matched,not matched,not matched,not matched,not matched,not matched,not matched,not matched,not matched,not matched,not matched,not matched,not matched,not matched,not matched,not matched,not matched,not matched,not matched,not matched,not matched
2b2$zMtOD2SQL3ltF3MWGZ,False,1,Basic Wall:3-Schichtplatte 27mm C+/C:3384320,IfcWall,Basic Wall:3-Schichtplatte 27mm C+/C,3-Schicht-Platte,0,0.027,11.37,5.7987,0.1405,26.3497,26.3497,26.3497,3.5197,3.5197,3.5197,29.8502,29.8502,29.8502,27.5589,27.5589,27.5589,64282.965,64282.965,64282.965,846.4985,846.4985,846.4985,138.7494,138.7494,138.7494
3_kqkSEVjFfA5bkOsNwaii,False,1,Basic Wall:Brandschutzplatte:5251017,IfcWall,Basic Wall:Brandschutzplatte,3-Schicht-Platte,0,0.028,4.72,2.4072,0.052,9.7522,9.7522,9.7522,1.3026,1.3026,1.3026,11.0478,11.0478,11.0478,10.1997,10.1997,10.1997,23791.56,23791.56,23791.56,313.2948,313.2948,313.2948,51.3521,51.3521,51.3521
3D$hiogd117g3okR4n43_p,False,1,Basic Wall:Brandschutzplatte:5421172,IfcWallStandardCase,Basic Wall:Brandschutzplatte,3-Schicht-Platte,0,0.028,3.7,1.8981,0.0531,9.9585,9.9585,9.9585,1.3302,1.3302,1.3302,11.2815,11.2815,11.2815,10.4155,10.4155,10.4155,24294.843,24294.843,24294.843,319.9222,319.9222,319.9222,52.4384,52.4384,52.4384
0XxTIRndPDswCFuTTPaYEK_L1,False,1,Basic Wall:Holzfassade hinterlüftet:1434444 (L1),IfcWallStandardCase,Basic Wall:Holzfassade hinterlüftet,"Holzschalung Vertikal, Nadelholz,  schwarz gestrichen",1,0.02,6.2899,11.9508,0.2384,9.354,12.1044,14.8547,4.3234,4.4163,4.5093,13.8749,16.5265,19.1781,47.7527,48.8744,49.9961,35380.944,44074.2,52767.456,564.2451,617.462,670.6788,55.2683,70.7017,86.1351
0XxTIRndPDswCFuTTPaYEK_L2,False,1,Basic Wall:Holzfassade hinterlüftet:1434444 (L2),IfcWallStandardCase,Basic Wall:Holzfassade hinterlüftet,Luft,2,0.03,6.2899,11.9508,0.3576,not matched,not matched,not matched,not matched,not matched,not matched,not matched,not matched,not matched,not matched,not matched,not matched,not matched,not matched,not matched,not matched,not matched,not matched,not matched,not matched,not matched
0XxTIRndPDswCFuTTPaYEK_L3,False,1,Basic Wall:Holzfassade hinterlüftet:1434444 (L3),IfcWallStandardCase,Basic Wall:Holzfassade hinterlüftet,Luft,3,0.04,6.2899,11.9508,0.4768,not matched,not matched,not matched,not matched,not matched,not matched,not matched,not matched,not matched,not matched,not matched,not matched,not matched,not matched,not matched,not matched,not matched,not matched,not matched,not matched,not matched
1dVujdEGf0jAkYJBqtyZ1W,False,1,Basic Wall:Technikschnittstelle:6225020,IfcWall,Basic Wall:Technikschnittstelle,Gipsfaserplatte,0,0.025,3.55,5.2895,0.1317,49.2637,66.7495,84.2353,2.8906,2.915,2.9395,52.061,69.6496,87.2381,7.096,8.3423,9.5886,92621.976,115295.448,137968.92,15.4879,61.359,107.2301,228.4468,309.4028,390.3588
08$9xERYLE6RtehkhfI5yK,False,1,Basic Wall:Wärmedämmung_Mineralwolle_80:2896771,IfcWallStandardCase,Basic Wall:Wärmedämmung_Mineralwolle_80,"Wärmedämmung Mineralwolle, 0.035 W/mK",0,0.08,0.124,0.3255,0.0244,1.1709,1.3797,1.5885,0.1242,0.1242,0.1242,1.2947,1.5035,1.7123,0.0,0.0,0.0,2308.24,2581.032,2853.824,3.4624,3.8401,4.2178,5.3509,6.0644,6.7778
2OOgpQZObEZwXdl1UXorlb,False,1,Basic Wall:Wärmedämmung_Mineralwolle_80:5774682,IfcWall,Basic Wall:Wärmedämmung_Mineralwolle_80,"Wärmedämmung Mineralwolle, 0.035 W/mK",0,0.08,11.77,13.5355,1.0728,51.4815,60.6614,69.8414,5.4618,5.4618,5.4618,56.9249,66.1048,75.2848,0.0,0.0,0.0,101486.88,113480.784,125474.688,152.2303,168.8372,185.4442,235.265,266.6337,298.0024
3PSzbSor5DzehfFtR_jj_6,False,1,Basic Wall:Wärmedämmung_Slentex 70:687731,IfcWallStandardCase,Basic Wall:Wärmedämmung_Slentex 70,Wärmedämmung Slentex Aerogel,0,0.07,0.7241,2.2605,0.1582,1148.532,1148.532,1148.532,6.858,6.858,6.858,1155.651,1155.651,1155.651,0.0,0.0,0.0,1746528.0,1746528.0,1746528.0,298.998,298.998,298.998,5457.9,5457.9,5457.9
2lKHuWZur3SwHp3ySgW6UM,False,1,Blechabdeckung Brüstung:Blechabdeckung Brüstung:7933804,IfcWall,Blechabdeckung Brüstung:Blechabdeckung Brüstung,Unknown,0,,18.38,117.2644,0.0221,331.1309,554.1718,777.2128,0.4708,0.8365,1.2023,331.7254,555.3365,778.9477,0.0,0.0,0.0,743112.5,1690042.25,2636972.0,242.879,276.8986,310.9183,1474.3352,2090.3506,2706.366
1GYJkCWSXDPAizLcwxbAKl,False,1,Bleche Fassade_V6:Bleche Fassade_V6:4910201,IfcBuildingElementProxy,Bleche Fassade_V6:Bleche Fassade_V6,Material 4,0,,16.62,118.833,0.0646,4242.3381,4242.3381,4242.3381,909.0725,909.0725,909.0725,5145.4689,5145.4689,5145.4689,0.0,0.0,0.0,8900591.7,8900591.7,8900591.7,2851.992,2851.992,2851.992,22815.936,22815.936,22815.936
3WNoAUw3v8hfBwz_zVQKXI,False,1,BSH Stütze - rechteckig:BSH 140 x 140:5646328,IfcColumn,BSH Stütze - rechteckig:BSH 140 x 140,Brettsperrholz,0,,2.74,0.3836,0.0538,not matched,not matched,not matched,not matched,not matched,not matched,not matched,not matched,not matched,not matched,not matched,not matched,not matched,not matched,not matched,not matched,not matched,not matched,not matched,not matched,not matched
0OrKp320H5Yf_7RHyEphUy,False,1,BSH Träger - rechteckig:BSH Holz 240 x 240:2844654,IfcBeam,BSH Träger - rechteckig:BSH Holz 240 x 240,Brettschichtholz C24,0,,5.3,1.26,0.2938,26.3116,31.5997,36.8878,6.3457,6.3457,6.3457,32.6315,37.9196,43.2077,57.5243,57.5888,57.6533,87834.1542,93509.195,99184.2358,1033.1154,1041.4989,1049.8825,154.7738,176.0552,197.3366
1s7hF4kkb7XRX_dK$UQExS,False,1,Contec_NotueberlaufEckig:Contec_NotueberlaufEckig:7131598,IfcBuildingElementProxy,Contec_NotueberlaufEckig:Contec_NotueberlaufEckig,3D-Schnittmaterial,0,,0.34,0.102,0.001,not matched,not matched,not matched,not matched,not matched,not matched,not matched,not matched,not matched,not matched,not matched,not matched,not matched,not matched,not matched,not matched,not matched,not matched,not matched,not matched,not matched
2TLYsKbtX0nh0z8PYscOBM,False,1,Dachdämmung_V3:Dachdämmung_V3:5659319,IfcBuildingElementProxy,Dachdämmung_V3:Dachdämmung_V3,Material 2,0,,0.0,77.7005,7.77,293.706,399.7742,505.8425,16.0994,27.829,39.5586,310.023,427.6453,545.2675,0.0,0.0,0.0,560217.0,734498.1,908779.2,86.2082,594.3856,1102.563,1601.7855,1880.0681,2158.3506
0nK9oFqBX9tfLI4$NtgMoA,False,1,Einfügepunkt:Einfügepunkt:5139138,IfcBuildingElementProxy,Einfügepunkt:Einfügepunkt,Körpermodell,0,,0.06,0.0036,0.0,not matched,not matched,not matched,not matched,not matched,not matched,not matched,not matched,not matched,not matched,not matched,not matched,not matched,not matched,not matched,not matched,not matched,not matched,not matched,not matched,not matched
2CLn4ZUSr8B8TuzLO7ROP3,False,1,Einlauf Contec Tube:DN110:6763225,IfcBuildingElementProxy,Einlauf Contec Tube:DN110,3D-Schnittmaterial,0,,0.3,0.072,0.0004,not matched,not matched,not matched,not matched,not matched,not matched,not matched,not matched,not matched,not matched,not matched,not matched,not matched,not matched,not matched,not matched,not matched,not matched,not matched,not matched,not matched
2BG9j1Bgb2xOV69dnpdgb9,False,1,FE TÜR 3 tlg - DK-Fix im Rahmen-DK:Fenster Büro1:1813086,IfcWindow,FE TÜR 3 tlg - DK-Fix im Rahmen-DK:Fenster Büro1,Unknown,0,,3.32,7.5364,0.3749,306.7315,541.4904,776.2492,27.131,46.6503,66.1696,333.8625,585.2015,836.5404,0.0,0.0,0.0,532823.48,963528.74,1394234.0,79.1322,176.3518,273.5713,1258.5788,2377.7342,3496.8896
2BG9j1Bgb2xOV69dnpdgeX,False,1,FE TÜR 3 tlg - DK-Fix im Rahmen-DK:Fenster Büro2:1812790,IfcWindow,FE TÜR 3 tlg - DK-Fix im Rahmen-DK:Fenster Büro2,Unknown,0,,3.99,9.0573,0.4446,368.6321,650.767,932.9019,32.6063,56.0647,79.5231,401.2384,703.2994,1005.3603,0.0,0.0,0.0,640351.11,1157975.805,1675600.5,95.1016,211.9408,328.78,1512.5691,2857.5781,4202.5872
2HRNy9Dlv5uw9UESvb_JkV,False,1,Floor:3-Schichtplatte 27mm B/C:4895632,IfcSlab,Floor:3-Schichtplatte 27mm B/C,3-Schicht-Platte,0,0.027,16.23,77.2548,0.1159,21.7361,21.7361,21.7361,2.9034,2.9034,2.9034,24.6238,24.6238,24.6238,22.7337,22.7337,22.7337,53027.727,53027.727,53027.727,698.2859,698.2859,698.2859,114.4559,114.4559,114.4559
0mZKsgvRH1Mhc20hMTKOGe,False,1,Floor:3-Schichtplatte 40mm:5206093,IfcSlab,Floor:3-Schichtplatte 40mm,Massivholz,0,0.04,1.21,0.5445,0.0218,0.8554,2.4719,4.0884,0.4123,0.4792,0.5461,1.2688,2.9502,4.6316,4.276,4.3213,4.3666,3235.338,6604.746,9974.154,51.5962,91.4695,131.3428,5.0539,13.2912,21.5284
0hwsZ_JYbDhgh3xE2hTxxt,False,1,Floor:Betonauflager 15cm:3980840,IfcSlab,Floor:Betonauflager 15cm,Beton,0,0.15,1.48,0.9324,0.1336,21.6099,25.6626,29.7154,3.7923,3.8415,3.8906,25.4022,29.55,33.6979,0.7434,4.4461,8.1488,38825.6563,46983.8602,55142.064,4.334,95.449,186.564,53.5734,61.2505,68.9276
1ToJR57Y16uvjKSTB4E_Uw,False,1,Floor:Boden BSP 120 - 5s:1353113,IfcSlab,Floor:Boden BSP 120 - 5s,Brettsperrholz,0,,16.66,88.298,2.4818,465.4417,465.4417,465.4417,62.1713,62.1713,62.1713,527.2758,527.2758,527.2758,486.8026,486.8026,486.8026,1135497.954,1135497.954,1135497.954,14952.5968,14952.5968,14952.5968,2450.8768,2450.8768,2450.8768
2ro6NVukjA0hxWwZJgTpIl,False,1,Floor:Boden BSP 120 - 5s:729845,IfcSlab,Floor:Boden BSP 120 - 5s,Brettsperrholz,0,0.12,7.97,25.1852,0.6181,115.9197,115.9197,115.9197,15.484,15.484,15.484,131.3197,131.3197,131.3197,121.2397,121.2397,121.2397,282799.293,282799.293,282799.293,3723.9907,3723.9907,3723.9907,610.3985,610.3985,610.3985
3PSzbSor5DzehfFtR_jjmV,False,1,Floor:Bodenaufbau Hauptgeschoss:687594,IfcSlab,Floor:Bodenaufbau Hauptgeschoss,Unknown,0,,7.79,56.5554,17.0593,255.0649,582.8034,910.5419,68.432,199.9233,331.4146,588.1762,783.2923,978.4084,0.0,0.0,0.0,1453473.78,1521340.26,1589206.74,100.6686,169.9489,239.2293,1719.2842,2004.889,2290.4937
17eMdncQP0cPM7MCmsTKi8,False,1,Floor:Bodenaufbau Hauptgeschoss ohne FBH:5900012,IfcSlab,Floor:Bodenaufbau Hauptgeschoss ohne FBH,Unknown,0,,17.43,115.3866,27.9729,520.3936,1189.059,1857.7243,139.6178,407.8916,676.1655,1200.0206,1598.1044,1996.1882,0.0,0.0,0.0,2965435.62,3103899.54,3242363.46,205.3881,346.7367,488.0853,3507.7526,4090.4549,4673.1573
0XxTIRndPDswCFuTTPaYIN,False,1,Floor:BSP 160 - 5s:1434703,IfcSlab,Floor:BSP 160 - 5s,Brettsperrholz,0,0.16,16.94,94.6946,2.7814,521.6293,521.6293,521.6293,69.6766,69.6766,69.6766,590.9279,590.9279,590.9279,545.5688,545.5688,545.5688,1272573.942,1272573.942,1272573.942,16757.6569,16757.6569,16757.6569,2746.7438,2746.7438,2746.7438
2uvY1DJi929x4ZbMR9rWjH,False,1,Floor:Fensterbank 24mm:6737713,IfcSlab,Floor:Fensterbank 24mm,"Holzschalung Horizontal, Nadelholz,  schwarz gestrichen",0,0.024,3.2,0.704,0.0169,0.6631,0.858,1.053,0.3065,0.3131,0.3197,0.9836,1.1715,1.3595,3.3852,3.4647,3.5442,2508.129,3124.3875,3740.646,39.9989,43.7714,47.5439,3.9179,5.012,6.1061
1ToJR57Y16uvjKSTB4E_TQ_L1,False,1,Floor:Galerie Fussbodenaufbau:1353081 (L1),IfcSlab,Floor:Galerie Fussbodenaufbau,PU Bodenbelag - Sika PS23,1,0.004,16.83,107.712,0.2672,1077.12,1077.12,1077.12,416.8454,416.8454,416.8454,1497.1968,1497.1968,1497.1968,0.0,0.0,0.0,2778969.6,2778969.6,2778969.6,222.9638,222.9638,222.9638,6678.144,6678.144,6678.144
1ToJR57Y16uvjKSTB4E_TQ_L2,False,1,Floor:Galerie Fussbodenaufbau:1353081 (L2),IfcSlab,Floor:Galerie Fussbodenaufbau,Knauf - Vidiwall,2,0.015,16.83,107.712,1.0019,374.7707,507.793,640.8152,21.9897,22.1761,22.3624,396.0511,529.8548,663.6586,53.9824,63.4633,72.9443,704616.232,877103.336,1049590.44,117.8234,466.7852,815.747,1737.8957,2353.7636,2969.6316
1ToJR57Y16uvjKSTB4E_TQ_L3,False,1,Floor:Galerie Fussbodenaufbau:1353081 (L3),IfcSlab,Floor:Galerie Fussbodenaufbau,Knauf - Brio Heizboden 25,3,0.025,16.83,107.712,1.6699,624.6428,846.3554,1068.068,36.651,36.9616,37.2722,660.1115,883.1267,1106.1418,89.9742,105.7764,121.5787,1174407.272,1461897.256,1749387.24,196.3802,778.0064,1359.6326,2896.6085,3923.0961,4949.5836
1ToJR57Y16uvjKSTB4E_TQ_L4,False,1,Floor:Galerie Fussbodenaufbau:1353081 (L4),IfcSlab,Floor:Galerie Fussbodenaufbau,Trittschalldämmung Flumroc 341,4,0.03,16.83,107.712,2.0039,96.1632,96.1632,96.1632,10.2023,10.2023,10.2023,106.3309,106.3309,106.3309,0.0,0.0,0.0,189568.94,189568.94,189568.94,346.3942,346.3942,346.3942,439.4553,439.4553,439.4553
3fl00qHO16BwCmbpQP9mlL,False,1,Floor:Gitterrost schwarz:354156,IfcSlab,Floor:Gitterrost schwarz,Zink Gitter,0,0.03,4.18,2.4244,0.042,1215.648,1346.352,1477.056,2.2848,2.3399,2.395,1218.672,1349.5125,1480.353,0.0,0.0,0.0,5011440.0,6709080.0,8406720.0,461.58,625.422,789.264,5143.32,5217.66,5292.0
3ZnJlnBePBXQGgUrEPS3c7,False,1,Floor:Massivholz 24mm:6301249,IfcSlab,Floor:Massivholz 24mm,Massivholz Fichte,0,0.024,2.05,0.287,0.0068,0.2668,0.3453,0.4237,0.1233,0.126,0.1286,0.3958,0.4714,0.547,1.3621,1.3941,1.4261,1009.188,1257.15,1505.112,16.0942,17.6121,19.1301,1.5764,2.0167,2.4569
0plsFTxFrAH8fTRVJG6Lb8,False,1,Floor:Mehrschichtplatte 50mm:3167216,IfcSlab,Floor:Mehrschichtplatte 50mm,3-Schicht-Platte,0,0.04,5.5,3.795,0.1494,28.0188,28.0188,28.0188,3.7426,3.7426,3.7426,31.7411,31.7411,31.7411,29.3047,29.3047,29.3047,68354.982,68354.982,68354.982,900.1201,900.1201,900.1201,147.5385,147.5385,147.5385
3dHkNX9eXDKekm9KvP4T_n,False,1,Floor:Terrassenbelag Holzlattung Douglasie:7269453,IfcSlab,Floor:Terrassenbelag Holzlattung Douglasie,Terrassenbelag Holz,0,0.026000000000000002,8.57,19.3682,0.3438,13.4895,17.4558,21.4222,6.2348,6.3689,6.503,20.0092,23.8331,27.657,68.8649,70.4825,72.1,51023.358,63560.025,76096.692,813.7058,890.4506,967.1953,79.7032,101.9599,124.2167
3FWYQdBzL92vc$OVs8UAaq,False,1,Haustechnik_Platzhalter:Pury Ausseneinheit:6192195,IfcBuildingElementProxy,Haustechnik_Platzhalter:Pury Ausseneinheit,3D-Schnittmaterial,0,,1.5,1.38,1.0453,not matched,not matched,not matched,not matched,not matched,not matched,not matched,not matched,not matched,not matched,not matched,not matched,not matched,not matched,not matched,not matched,not matched,not matched,not matched,not matched,not matched
1Et2c94TXFAwSKPeylnBiH,False,1,Montageraum Elektro:Montageraum Elektro:6274127,IfcBuildingElementProxy,Montageraum Elektro:Montageraum Elektro,3D-Schnittmaterial,0,,2.33,0.9087,0.1805,not matched,not matched,not matched,not matched,not matched,not matched,not matched,not matched,not matched,not matched,not matched,not matched,not matched,not matched,not matched,not matched,not matched,not matched,not matched,not matched,not matched
1Et2c94TXFAwSKPeylnBlG,False,1,Montageraum Elektro1:Montageraum Elektro:6274190,IfcBuildingElementProxy,Montageraum Elektro1:Montageraum Elektro,3D-Schnittmaterial,0,,2.33,0.9087,0.1805,not matched,not matched,not matched,not matched,not matched,not matched,not matched,not matched,not matched,not matched,not matched,not matched,not matched,not matched,not matched,not matched,not matched,not matched,not matched,not matched,not matched
1Et2c94TXFAwSKPeylnBH_,False,1,Rohranschluss_Technikschnttelle_Nest:E-Gelbwasser:6271776,IfcBuildingElementProxy,Rohranschluss_Technikschnttelle_Nest:E-Gelbwasser,3D-Schnittmaterial,0,,0.12,0.0072,0.0004,0.8736,1.0984,1.3233,0.8627,1.0151,1.1676,1.7399,2.1181,2.4964,0.0,0.0,0.0,2202.2,2835.82,3469.44,0.1558,0.2575,0.3592,8.2628,9.5524,10.842
1Et2c94TXFAwSKPeylnBH8,False,1,Rohranschluss_Technikschnttelle_Nest:E-Grauwasser leicht:6271766,IfcBuildingElementProxy,Rohranschluss_Technikschnttelle_Nest:E-Grauwasser leicht,3D-Schnittmaterial,0,,0.11,0.0099,0.0007,1.5288,1.9223,2.3157,1.5097,1.7765,2.0433,3.0449,3.7069,4.3688,0.0,0.0,0.0,3853.85,4962.685,6071.52,0.2726,0.4506,0.6286,14.4599,16.7167,18.9735
1Et2c94TXFAwSKPeylnBMe,False,1,Rohranschluss_Technikschnttelle_Nest:E-Grauwasser schwer:6271734,IfcBuildingElementProxy,Rohranschluss_Technikschnttelle_Nest:E-Grauwasser schwer,3D-Schnittmaterial,0,,0.11,0.0099,0.0007,1.5288,1.9223,2.3157,1.5097,1.7765,2.0433,3.0449,3.7069,4.3688,0.0,0.0,0.0,3853.85,4962.685,6071.52,0.2726,0.4506,0.6286,14.4599,16.7167,18.9735
1Et2c94TXFAwSKPeylnBHY,False,1,Rohranschluss_Technikschnttelle_Nest:E-Regenwasser:6271804,IfcBuildingElementProxy,Rohranschluss_Technikschnttelle_Nest:E-Regenwasser,3D-Schnittmaterial,0,,0.11,0.0121,0.0011,2.4024,3.0207,3.639,2.3724,2.7916,3.2109,4.7848,5.825,6.8652,0.0,0.0,0.0,6056.05,7798.505,9540.96,0.4284,0.7081,0.9877,22.7227,26.2691,29.8155
1Et2c94TXFAwSKPeylnBGM,False,1,Rohranschluss_Technikschnttelle_Nest:E-Schmutzwasser:6271816,IfcBuildingElementProxy,Rohranschluss_Technikschnttelle_Nest:E-Schmutzwasser,3D-Schnittmaterial,0,,0.11,0.0121,0.001,2.184,2.7461,3.3082,2.1567,2.5378,2.919,4.3498,5.2955,6.2411,0.0,0.0,0.0,5505.5,7089.55,8673.6,0.3895,0.6437,0.8979,20.657,23.881,27.105
1Et2c94TXFAwSKPeylnBGC,False,1,Rohranschluss_Technikschnttelle_Nest:E-Schwarzwasser:6271826,IfcBuildingElementProxy,Rohranschluss_Technikschnttelle_Nest:E-Schwarzwasser,3D-Schnittmaterial,0,,0.13,0.0143,0.0012,2.6208,3.2953,3.9698,2.588,3.0454,3.5028,5.2198,6.3545,7.4893,0.0,0.0,0.0,6606.6,8507.46,10408.32,0.4674,0.7724,1.0775,24.7884,28.6572,32.526
1Et2c94TXFAwSKPeylnBCG,False,1,Rohranschluss_Technikschnttelle_Nest:Grauwasser aufbereitet:6272078,IfcBuildingElementProxy,Rohranschluss_Technikschnttelle_Nest:Grauwasser aufbereitet,3D-Schnittmaterial,0,,0.11,0.0033,0.0001,0.2184,0.2746,0.3308,0.2157,0.2538,0.2919,0.435,0.5295,0.6241,0.0,0.0,0.0,550.55,708.955,867.36,0.0389,0.0644,0.0898,2.0657,2.3881,2.7105
1Et2c94TXFAwSKPeylnBIk,False,1,Rohranschluss_Technikschnttelle_Nest:Kaltwasser:6271984,IfcBuildingElementProxy,Rohranschluss_Technikschnttelle_Nest:Kaltwasser,3D-Schnittmaterial,0,,0.11,0.0033,0.0001,0.2184,0.2746,0.3308,0.2157,0.2538,0.2919,0.435,0.5295,0.6241,0.0,0.0,0.0,550.55,708.955,867.36,0.0389,0.0644,0.0898,2.0657,2.3881,2.7105
1Et2c94TXFAwSKPeylnBNx,False,1,Rohranschluss_Technikschnttelle_Nest:MTE - Rücklauf:6271653,IfcBuildingElementProxy,Rohranschluss_Technikschnttelle_Nest:MTE - Rücklauf,3D-Schnittmaterial,0,,0.19,0.0095,0.0004,0.8736,1.0984,1.3233,0.8627,1.0151,1.1676,1.7399,2.1181,2.4964,0.0,0.0,0.0,2202.2,2835.82,3469.44,0.1558,0.2575,0.3592,8.2628,9.5524,10.842
1Et2c94TXFAwSKPeylnBNl,False,1,Rohranschluss_Technikschnttelle_Nest:MTE - Vorlauf:6271665,IfcBuildingElementProxy,Rohranschluss_Technikschnttelle_Nest:MTE - Vorlauf,3D-Schnittmaterial,0,,0.19,0.0095,0.0003,0.6552,0.8238,0.9925,0.647,0.7613,0.8757,1.3049,1.5886,1.8723,0.0,0.0,0.0,1651.65,2126.865,2602.08,0.1168,0.1931,0.2694,6.1971,7.1643,8.1315
1Et2c94TXFAwSKPeylnBNY,False,1,Rohranschluss_Technikschnttelle_Nest:NTE - Rücklauf:6271676,IfcBuildingElementProxy,Rohranschluss_Technikschnttelle_Nest:NTE - Rücklauf,3D-Schnittmaterial,0,,0.19,0.0114,0.0005,1.092,1.3731,1.6541,1.0784,1.269,1.4595,2.1749,2.6478,3.1206,0.0,0.0,0.0,2752.75,3544.775,4336.8,0.1947,0.3219,0.449,10.3285,11.9405,13.5525
1Et2c94TXFAwSKPeylnBMR,False,1,Rohranschluss_Technikschnttelle_Nest:NTE - Vorlauf:6271685,IfcBuildingElementProxy,Rohranschluss_Technikschnttelle_Nest:NTE - Vorlauf,3D-Schnittmaterial,0,,0.19,0.0114,0.0005,1.092,1.3731,1.6541,1.0784,1.269,1.4595,2.1749,2.6478,3.1206,0.0,0.0,0.0,2752.75,3544.775,4336.8,0.1947,0.3219,0.449,10.3285,11.9405,13.5525
1Et2c94TXFAwSKPeylnBD2,False,1,Rohranschluss_Technikschnttelle_Nest:Regenwasser aufbereitet:6272028,IfcBuildingElementProxy,Rohranschluss_Technikschnttelle_Nest:Regenwasser aufbereitet,3D-Schnittmaterial,0,,0.11,0.0033,0.0001,0.2184,0.2746,0.3308,0.2157,0.2538,0.2919,0.435,0.5295,0.6241,0.0,0.0,0.0,550.55,708.955,867.36,0.0389,0.0644,0.0898,2.0657,2.3881,2.7105
1Et2c94TXFAwSKPeylnBC2,False,1,Rohranschluss_Technikschnttelle_Nest:Regenwasser Trinkwasser:6272092,IfcBuildingElementProxy,Rohranschluss_Technikschnttelle_Nest:Regenwasser Trinkwasser,3D-Schnittmaterial,0,,0.11,0.0022,0.0,0.0,0.0,0.0,0.0,0.0,0.0,0.0,0.0,0.0,0.0,0.0,0.0,0.0,0.0,0.0,0.0,0.0,0.0,0.0,0.0,0.0
1YKyzAV3HA3hGaVYlxUqa8,False,1,Shell_V12:Shell_V12:5294566,IfcBuildingElementProxy,Shell_V12:Shell_V12,"Concrete, Lightweight",0,,0.0,281.8965,11.5047,1888.0294,1888.0294,1888.0294,335.0587,335.0587,335.0587,2223.0882,2223.0882,2223.0882,20.6885,20.6885,20.6885,3563323.1197,3563323.1197,3563323.1197,388.2427,388.2427,388.2427,4706.7776,4706.7776,4706.7776
1Tv0YGeiT2fAVW5nnqum0c,False,1,TU DF 1 - Rahmenstock flächenbündig variabel:DL - H - 900 x 2130 - EI 30:5464826,IfcDoor,TU DF 1 - Rahmenstock flächenbündig variabel:DL - H - 900 x 2130 - EI 30,Unknown,0,,2.13,2.1087,0.1,78.8654,134.7459,190.6265,13.6222,14.0439,14.4657,93.4154,148.7688,204.1222,28.8892,32.6848,36.4805,185143.86,283409.28,381674.7,489.2184,539.8272,590.436,400.653,576.7295,752.8059
1a1$QVmKz8nRXZVkIMOOBt,False,1,Tür Forster Unico:Ausstattung Sage Glas:2668518,IfcWindow,Tür Forster Unico:Ausstattung Sage Glas,Unknown,0,,2.17,2.6908,0.1289,109.5156,193.334,277.1524,9.6869,16.6561,23.6252,119.2024,208.9406,298.6788,0.0,0.0,0.0,190239.56,344018.78,497798.0,28.2534,62.9647,97.676,449.3636,848.9474,1248.5312
